bottlecode,daterun,instrument,analyte,resulttype,runlabel,result,unit,labdupTF,labuser,recorduser,flag,note,dateentered,
0101-10,7/30/2021,beckmanspec,abs200,sample,abs200,0.78359,absunits,FALSE,SP,SP,,,2021,0.78359
0101-10,7/30/2021,beckmanspec,abs202,sample,abs202,0.59153,absunits,FALSE,SP,SP,,,2021,0.59153
0101-10,7/30/2021,beckmanspec,abs204,sample,abs204,0.51164,absunits,FALSE,SP,SP,,,2021,0.51164
0101-10,7/30/2021,beckmanspec,abs206,sample,abs206,0.46064,absunits,FALSE,SP,SP,,,2021,0.46064
0101-10,7/30/2021,beckmanspec,abs208,sample,abs208,0.42668,absunits,FALSE,SP,SP,,,2021,0.42668
0101-10,7/30/2021,beckmanspec,abs210,sample,abs210,0.3976,absunits,FALSE,SP,SP,,,2021,0.3976
0101-10,7/30/2021,beckmanspec,abs220,sample,abs220,0.30276,absunits,FALSE,SP,SP,,,2021,0.30276
0101-10,7/30/2021,beckmanspec,abs230,sample,abs230,0.24742,absunits,FALSE,SP,SP,,,2021,0.24742
0101-10,7/30/2021,beckmanspec,abs240,sample,abs240,0.21016,absunits,FALSE,SP,SP,,,2021,0.21016
0101-10,7/30/2021,beckmanspec,abs250,sample,abs250,0.18414,absunits,FALSE,SP,SP,,,2021,0.18414
0101-10,7/30/2021,beckmanspec,abs254,sample,abs254,0.17603,absunits,FALSE,SP,SP,,,2021,0.17603
0101-10,7/30/2021,beckmanspec,abs260,sample,abs260,0.16488,absunits,FALSE,SP,SP,,,2021,0.16488
0101-10,7/30/2021,beckmanspec,abs270,sample,abs270,0.14584,absunits,FALSE,SP,SP,,,2021,0.14584
0101-10,7/30/2021,beckmanspec,abs280,sample,abs280,0.12588,absunits,FALSE,SP,SP,,,2021,0.12588
0101-10,7/30/2021,beckmanspec,abs275,sample,abs275,0.13589,absunits,FALSE,SP,SP,,,2021,0.13589
0101-10,7/30/2021,beckmanspec,abs285,sample,abs285,0.11482,absunits,FALSE,SP,SP,,,2021,0.11482
0101-10,7/30/2021,beckmanspec,abs290,sample,abs290,0.1052,absunits,FALSE,SP,SP,,,2021,0.1052
0101-10,7/30/2021,beckmanspec,abs295,sample,abs295,0.09483,absunits,FALSE,SP,SP,,,2021,0.09483
0101-10,7/30/2021,beckmanspec,abs300,sample,abs300,0.08622,absunits,FALSE,SP,SP,,,2021,0.08622
0101-10,7/30/2021,beckmanspec,abs310,sample,abs310,0.07275,absunits,FALSE,SP,SP,,,2021,0.07275
0101-10,7/30/2021,beckmanspec,abs320,sample,abs320,0.062,absunits,FALSE,SP,SP,,,2021,0.062
0101-10,7/30/2021,beckmanspec,abs330,sample,abs330,0.05206,absunits,FALSE,SP,SP,,,2021,0.05206
0101-10,7/30/2021,beckmanspec,abs340,sample,abs340,0.04477,absunits,FALSE,SP,SP,,,2021,0.04477
0101-10,7/30/2021,beckmanspec,abs350,sample,abs350,0.03865,absunits,FALSE,SP,SP,,,2021,0.03865
0101-10,7/30/2021,beckmanspec,abs360,sample,abs360,0.03239,absunits,FALSE,SP,SP,,,2021,0.03239
0101-10,7/30/2021,beckmanspec,abs370,sample,abs370,0.02844,absunits,FALSE,SP,SP,,,2021,0.02844
0101-10,7/30/2021,beckmanspec,abs380,sample,abs380,0.02529,absunits,FALSE,SP,SP,,,2021,0.02529
0101-10,7/30/2021,beckmanspec,abs390,sample,abs390,0.02196,absunits,FALSE,SP,SP,,,2021,0.02196
0101-10,7/30/2021,beckmanspec,abs400,sample,abs400,0.01881,absunits,FALSE,SP,SP,,,2021,0.01881
0101-10,7/30/2021,beckmanspec,abs410,sample,abs410,0.0167,absunits,FALSE,SP,SP,,,2021,0.0167
0101-10,7/30/2021,beckmanspec,abs412,sample,abs412,0.01639,absunits,FALSE,SP,SP,,,2021,0.01639
0101-10,7/30/2021,beckmanspec,abs420,sample,abs420,0.015,absunits,FALSE,SP,SP,,,2021,0.015
0101-10,7/30/2021,beckmanspec,abs430,sample,abs430,0.01341,absunits,FALSE,SP,SP,,,2021,0.01341
0101-10,7/30/2021,beckmanspec,abs440,sample,abs440,0.012,absunits,FALSE,SP,SP,,,2021,0.012
0101-10,7/30/2021,beckmanspec,abs450,sample,abs450,0.01101,absunits,FALSE,SP,SP,,,2021,0.01101
0101-10,7/30/2021,beckmanspec,abs460,sample,abs460,0.01011,absunits,FALSE,SP,SP,,,2021,0.01011
0101-10,7/30/2021,beckmanspec,abs470,sample,abs470,0.00946,absunits,FALSE,SP,SP,,,2021,0.00946
0101-10,7/30/2021,beckmanspec,abs480,sample,abs480,0.00865,absunits,FALSE,SP,SP,,,2021,0.00865
0101-10,7/30/2021,beckmanspec,abs490,sample,abs490,0.00808,absunits,FALSE,SP,SP,,,2021,0.00808
0101-10,7/30/2021,beckmanspec,abs500,sample,abs500,0.00755,absunits,FALSE,SP,SP,,,2021,0.00755
0101-10,7/30/2021,beckmanspec,abs510,sample,abs510,0.0071,absunits,FALSE,SP,SP,,,2021,0.0071
0101-10,7/30/2021,beckmanspec,abs520,sample,abs520,0.00664,absunits,FALSE,SP,SP,,,2021,0.00664
0101-10,7/30/2021,beckmanspec,abs530,sample,abs530,0.00629,absunits,FALSE,SP,SP,,,2021,0.00629
0101-10,7/30/2021,beckmanspec,abs540,sample,abs540,0.00594,absunits,FALSE,SP,SP,,,2021,0.00594
0101-10,7/30/2021,beckmanspec,abs550,sample,abs550,0.00568,absunits,FALSE,SP,SP,,,2021,0.00568
0101-10,7/30/2021,beckmanspec,abs555,sample,abs555,0.0055,absunits,FALSE,SP,SP,,,2021,0.0055
0101-10,7/30/2021,beckmanspec,abs532,sample,abs532,0.00616,absunits,FALSE,SP,SP,,,2021,0.00616
0101-10,7/30/2021,beckmanspec,abs560,sample,abs560,0.00546,absunits,FALSE,SP,SP,,,2021,0.00546
0101-10,7/30/2021,beckmanspec,abs570,sample,abs570,0.0052,absunits,FALSE,SP,SP,,,2021,0.0052
0101-10,7/30/2021,beckmanspec,abs580,sample,abs580,0.005,absunits,FALSE,SP,SP,,,2021,0.005
0101-10,7/30/2021,beckmanspec,abs590,sample,abs590,0.00482,absunits,FALSE,SP,SP,,,2021,0.00482
0101-10,7/30/2021,beckmanspec,abs600,sample,abs600,0.00468,absunits,FALSE,SP,SP,,,2021,0.00468
0101-10,7/30/2021,beckmanspec,abs620,sample,abs620,0.00437,absunits,FALSE,SP,SP,,,2021,0.00437
0101-10,7/30/2021,beckmanspec,abs640,sample,abs640,0.00409,absunits,FALSE,SP,SP,,,2021,0.00409
0101-10,7/30/2021,beckmanspec,abs660,sample,abs660,0.0038,absunits,FALSE,SP,SP,,,2021,0.0038
0101-10,7/30/2021,beckmanspec,abs680,sample,abs680,0.00357,absunits,FALSE,SP,SP,,,2021,0.00357
0101-10,7/30/2021,beckmanspec,abs700,sample,abs700,0.00335,absunits,FALSE,SP,SP,,,2021,0.00335
0101-10,7/30/2021,beckmanspec,abs720,sample,abs720,0.00315,absunits,FALSE,SP,SP,,,2021,0.00315
0101-10,7/30/2021,beckmanspec,abs740,sample,abs740,0.00286,absunits,FALSE,SP,SP,,,2021,0.00286
0101-10,7/30/2021,beckmanspec,abs760,sample,abs760,0.00273,absunits,FALSE,SP,SP,,,2021,0.00273
0101-10,7/30/2021,beckmanspec,abs780,sample,abs780,0.00261,absunits,FALSE,SP,SP,,,2021,0.00261
0101-10,7/30/2021,beckmanspec,abs800,sample,abs800,0.00247,absunits,FALSE,SP,SP,,,2021,0.00247
0102-10,7/30/2021,beckmanspec,abs200,sample,abs200,0.73687,absunits,FALSE,SP,SP,,,2021,0.73687
0102-10,7/30/2021,beckmanspec,abs202,sample,abs202,0.56294,absunits,FALSE,SP,SP,,,2021,0.56294
0102-10,7/30/2021,beckmanspec,abs204,sample,abs204,0.48615,absunits,FALSE,SP,SP,,,2021,0.48615
0102-10,7/30/2021,beckmanspec,abs206,sample,abs206,0.44103,absunits,FALSE,SP,SP,,,2021,0.44103
0102-10,7/30/2021,beckmanspec,abs208,sample,abs208,0.40935,absunits,FALSE,SP,SP,,,2021,0.40935
0102-10,7/30/2021,beckmanspec,abs210,sample,abs210,0.38275,absunits,FALSE,SP,SP,,,2021,0.38275
0102-10,7/30/2021,beckmanspec,abs220,sample,abs220,0.2935,absunits,FALSE,SP,SP,,,2021,0.2935
0102-10,7/30/2021,beckmanspec,abs230,sample,abs230,0.24236,absunits,FALSE,SP,SP,,,2021,0.24236
0102-10,7/30/2021,beckmanspec,abs240,sample,abs240,0.20905,absunits,FALSE,SP,SP,,,2021,0.20905
0102-10,7/30/2021,beckmanspec,abs250,sample,abs250,0.18552,absunits,FALSE,SP,SP,,,2021,0.18552
0102-10,7/30/2021,beckmanspec,abs254,sample,abs254,0.17825,absunits,FALSE,SP,SP,,,2021,0.17825
0102-10,7/30/2021,beckmanspec,abs260,sample,abs260,0.16844,absunits,FALSE,SP,SP,,,2021,0.16844
0102-10,7/30/2021,beckmanspec,abs270,sample,abs270,0.15027,absunits,FALSE,SP,SP,,,2021,0.15027
0102-10,7/30/2021,beckmanspec,abs280,sample,abs280,0.12953,absunits,FALSE,SP,SP,,,2021,0.12953
0102-10,7/30/2021,beckmanspec,abs290,sample,abs290,0.10923,absunits,FALSE,SP,SP,,,2021,0.10923
0102-10,7/30/2021,beckmanspec,abs275,sample,abs275,0.13977,absunits,FALSE,SP,SP,,,2021,0.13977
0102-10,7/30/2021,beckmanspec,abs285,sample,abs285,0.11882,absunits,FALSE,SP,SP,,,2021,0.11882
0102-10,7/30/2021,beckmanspec,abs295,sample,abs295,0.09944,absunits,FALSE,SP,SP,,,2021,0.09944
0102-10,7/30/2021,beckmanspec,abs300,sample,abs300,0.09111,absunits,FALSE,SP,SP,,,2021,0.09111
0102-10,7/30/2021,beckmanspec,abs310,sample,abs310,0.07788,absunits,FALSE,SP,SP,,,2021,0.07788
0102-10,7/30/2021,beckmanspec,abs320,sample,abs320,0.06777,absunits,FALSE,SP,SP,,,2021,0.06777
0102-10,7/30/2021,beckmanspec,abs330,sample,abs330,0.05719,absunits,FALSE,SP,SP,,,2021,0.05719
0102-10,7/30/2021,beckmanspec,abs340,sample,abs340,0.05011,absunits,FALSE,SP,SP,,,2021,0.05011
0102-10,7/30/2021,beckmanspec,abs350,sample,abs350,0.04437,absunits,FALSE,SP,SP,,,2021,0.04437
0102-10,7/30/2021,beckmanspec,abs360,sample,abs360,0.03704,absunits,FALSE,SP,SP,,,2021,0.03704
0102-10,7/30/2021,beckmanspec,abs370,sample,abs370,0.03315,absunits,FALSE,SP,SP,,,2021,0.03315
0102-10,7/30/2021,beckmanspec,abs380,sample,abs380,0.03022,absunits,FALSE,SP,SP,,,2021,0.03022
0102-10,7/30/2021,beckmanspec,abs390,sample,abs390,0.02623,absunits,FALSE,SP,SP,,,2021,0.02623
0102-10,7/30/2021,beckmanspec,abs400,sample,abs400,0.02361,absunits,FALSE,SP,SP,,,2021,0.02361
0102-10,7/30/2021,beckmanspec,abs410,sample,abs410,0.02151,absunits,FALSE,SP,SP,,,2021,0.02151
0102-10,7/30/2021,beckmanspec,abs412,sample,abs412,0.02127,absunits,FALSE,SP,SP,,,2021,0.02127
0102-10,7/30/2021,beckmanspec,abs420,sample,abs420,0.02005,absunits,FALSE,SP,SP,,,2021,0.02005
0102-10,7/30/2021,beckmanspec,abs430,sample,abs430,0.01836,absunits,FALSE,SP,SP,,,2021,0.01836
0102-10,7/30/2021,beckmanspec,abs440,sample,abs440,0.01694,absunits,FALSE,SP,SP,,,2021,0.01694
0102-10,7/30/2021,beckmanspec,abs450,sample,abs450,0.01572,absunits,FALSE,SP,SP,,,2021,0.01572
0102-10,7/30/2021,beckmanspec,abs460,sample,abs460,0.01472,absunits,FALSE,SP,SP,,,2021,0.01472
0102-10,7/30/2021,beckmanspec,abs470,sample,abs470,0.01438,absunits,FALSE,SP,SP,,,2021,0.01438
0102-10,7/30/2021,beckmanspec,abs480,sample,abs480,0.01347,absunits,FALSE,SP,SP,,,2021,0.01347
0102-10,7/30/2021,beckmanspec,abs490,sample,abs490,0.0128,absunits,FALSE,SP,SP,,,2021,0.0128
0102-10,7/30/2021,beckmanspec,abs500,sample,abs500,0.01226,absunits,FALSE,SP,SP,,,2021,0.01226
0102-10,7/30/2021,beckmanspec,abs510,sample,abs510,0.01181,absunits,FALSE,SP,SP,,,2021,0.01181
0102-10,7/30/2021,beckmanspec,abs520,sample,abs520,0.01134,absunits,FALSE,SP,SP,,,2021,0.01134
0102-10,7/30/2021,beckmanspec,abs530,sample,abs530,0.01102,absunits,FALSE,SP,SP,,,2021,0.01102
0102-10,7/30/2021,beckmanspec,abs532,sample,abs532,0.01094,absunits,FALSE,SP,SP,,,2021,0.01094
0102-10,7/30/2021,beckmanspec,abs540,sample,abs540,0.01066,absunits,FALSE,SP,SP,,,2021,0.01066
0102-10,7/30/2021,beckmanspec,abs550,sample,abs550,0.01036,absunits,FALSE,SP,SP,,,2021,0.01036
0102-10,7/30/2021,beckmanspec,abs555,sample,abs555,0.01015,absunits,FALSE,SP,SP,,,2021,0.01015
0102-10,7/30/2021,beckmanspec,abs560,sample,abs560,0.01003,absunits,FALSE,SP,SP,,,2021,0.01003
0102-10,7/30/2021,beckmanspec,abs570,sample,abs570,0.00978,absunits,FALSE,SP,SP,,,2021,0.00978
0102-10,7/30/2021,beckmanspec,abs580,sample,abs580,0.00957,absunits,FALSE,SP,SP,,,2021,0.00957
0102-10,7/30/2021,beckmanspec,abs590,sample,abs590,0.00934,absunits,FALSE,SP,SP,,,2021,0.00934
0102-10,7/30/2021,beckmanspec,abs600,sample,abs600,0.00906,absunits,FALSE,SP,SP,,,2021,0.00906
0102-10,7/30/2021,beckmanspec,abs620,sample,abs620,0.00865,absunits,FALSE,SP,SP,,,2021,0.00865
0102-10,7/30/2021,beckmanspec,abs640,sample,abs640,0.00816,absunits,FALSE,SP,SP,,,2021,0.00816
0102-10,7/30/2021,beckmanspec,abs660,sample,abs660,0.0078,absunits,FALSE,SP,SP,,,2021,0.0078
0102-10,7/30/2021,beckmanspec,abs680,sample,abs680,0.00733,absunits,FALSE,SP,SP,,,2021,0.00733
0102-10,7/30/2021,beckmanspec,abs700,sample,abs700,0.00689,absunits,FALSE,SP,SP,,,2021,0.00689
0102-10,7/30/2021,beckmanspec,abs720,sample,abs720,0.00635,absunits,FALSE,SP,SP,,,2021,0.00635
0102-10,7/30/2021,beckmanspec,abs740,sample,abs740,0.00573,absunits,FALSE,SP,SP,,,2021,0.00573
0102-10,7/30/2021,beckmanspec,abs760,sample,abs760,0.00557,absunits,FALSE,SP,SP,,,2021,0.00557
0102-10,7/30/2021,beckmanspec,abs780,sample,abs780,0.00531,absunits,FALSE,SP,SP,,,2021,0.00531
0102-10,7/30/2021,beckmanspec,abs800,sample,abs800,0.00493,absunits,FALSE,SP,SP,,,2021,0.00493
0103-10,7/30/2021,beckmanspec,abs200,sample,abs200,0.77107,absunits,FALSE,SP,SP,,,2021,0.77107
0103-10,7/30/2021,beckmanspec,abs202,sample,abs202,0.5927,absunits,FALSE,SP,SP,,,2021,0.5927
0103-10,7/30/2021,beckmanspec,abs204,sample,abs204,0.51693,absunits,FALSE,SP,SP,,,2021,0.51693
0103-10,7/30/2021,beckmanspec,abs206,sample,abs206,0.47111,absunits,FALSE,SP,SP,,,2021,0.47111
0103-10,7/30/2021,beckmanspec,abs208,sample,abs208,0.43643,absunits,FALSE,SP,SP,,,2021,0.43643
0103-10,7/30/2021,beckmanspec,abs210,sample,abs210,0.40846,absunits,FALSE,SP,SP,,,2021,0.40846
0103-10,7/30/2021,beckmanspec,abs220,sample,abs220,0.30986,absunits,FALSE,SP,SP,,,2021,0.30986
0103-10,7/30/2021,beckmanspec,abs230,sample,abs230,0.25638,absunits,FALSE,SP,SP,,,2021,0.25638
0103-10,7/30/2021,beckmanspec,abs240,sample,abs240,0.22191,absunits,FALSE,SP,SP,,,2021,0.22191
0103-10,7/30/2021,beckmanspec,abs250,sample,abs250,0.19784,absunits,FALSE,SP,SP,,,2021,0.19784
0103-10,7/30/2021,beckmanspec,abs254,sample,abs254,0.19043,absunits,FALSE,SP,SP,,,2021,0.19043
0103-10,7/30/2021,beckmanspec,abs275,sample,abs275,0.15154,absunits,FALSE,SP,SP,,,2021,0.15154
0103-10,7/30/2021,beckmanspec,abs280,sample,abs280,0.14108,absunits,FALSE,SP,SP,,,2021,0.14108
0103-10,7/30/2021,beckmanspec,abs285,sample,abs285,0.13061,absunits,FALSE,SP,SP,,,2021,0.13061
0103-10,7/30/2021,beckmanspec,abs290,sample,abs290,0.12032,absunits,FALSE,SP,SP,,,2021,0.12032
0103-10,7/30/2021,beckmanspec,abs295,sample,abs295,0.11102,absunits,FALSE,SP,SP,,,2021,0.11102
0103-10,7/30/2021,beckmanspec,abs412,sample,abs412,0.0313,absunits,FALSE,SP,SP,,,2021,0.0313
0103-10,7/30/2021,beckmanspec,abs532,sample,abs532,0.01955,absunits,FALSE,SP,SP,,,2021,0.01955
0103-10,7/30/2021,beckmanspec,abs555,sample,abs555,0.01849,absunits,FALSE,SP,SP,,,2021,0.01849
0109-10,7/30/2021,beckmanspec,abs200,sample,abs200,0.35215,absunits,FALSE,SP,SP,,,2021,0.35215
0109-10,7/30/2021,beckmanspec,abs202,sample,abs202,0.27409,absunits,FALSE,SP,SP,,,2021,0.27409
0109-10,7/30/2021,beckmanspec,abs204,sample,abs204,0.23259,absunits,FALSE,SP,SP,,,2021,0.23259
0109-10,7/30/2021,beckmanspec,abs206,sample,abs206,0.20587,absunits,FALSE,SP,SP,,,2021,0.20587
0109-10,7/30/2021,beckmanspec,abs208,sample,abs208,0.18497,absunits,FALSE,SP,SP,,,2021,0.18497
0109-10,7/30/2021,beckmanspec,abs210,sample,abs210,0.16853,absunits,FALSE,SP,SP,,,2021,0.16853
0109-10,7/30/2021,beckmanspec,abs220,sample,abs220,0.11151,absunits,FALSE,SP,SP,,,2021,0.11151
0109-10,7/30/2021,beckmanspec,abs230,sample,abs230,0.08552,absunits,FALSE,SP,SP,,,2021,0.08552
0109-10,7/30/2021,beckmanspec,abs240,sample,abs240,0.07362,absunits,FALSE,SP,SP,,,2021,0.07362
0109-10,7/30/2021,beckmanspec,abs250,sample,abs250,0.06457,absunits,FALSE,SP,SP,,,2021,0.06457
0109-10,7/30/2021,beckmanspec,abs254,sample,abs254,0.06116,absunits,FALSE,SP,SP,,,2021,0.06116
0109-10,7/30/2021,beckmanspec,abs275,sample,abs275,0.04888,absunits,FALSE,SP,SP,,,2021,0.04888
0109-10,7/30/2021,beckmanspec,abs280,sample,abs280,0.04678,absunits,FALSE,SP,SP,,,2021,0.04678
0109-10,7/30/2021,beckmanspec,abs285,sample,abs285,0.04362,absunits,FALSE,SP,SP,,,2021,0.04362
0109-10,7/30/2021,beckmanspec,abs290,sample,abs290,0.0411,absunits,FALSE,SP,SP,,,2021,0.0411
0109-10,7/30/2021,beckmanspec,abs295,sample,abs295,0.03823,absunits,FALSE,SP,SP,,,2021,0.03823
0109-10,7/30/2021,beckmanspec,abs412,sample,abs412,0.01609,absunits,FALSE,SP,SP,,,2021,0.01609
0109-10,7/30/2021,beckmanspec,abs532,sample,abs532,0.0111,absunits,FALSE,SP,SP,,,2021,0.0111
0109-10,7/30/2021,beckmanspec,abs555,sample,abs555,0.01053,absunits,FALSE,SP,SP,,,2021,0.01053
0099-10,7/30/2021,beckmanspec,abs200,sample,abs200,0.35215,absunits,FALSE,SP,SP,,,2021,0.35215
0099-10,7/30/2021,beckmanspec,abs202,sample,abs202,0.27616,absunits,FALSE,SP,SP,,,2021,0.27616
0099-10,7/30/2021,beckmanspec,abs204,sample,abs204,0.2358,absunits,FALSE,SP,SP,,,2021,0.2358
0099-10,7/30/2021,beckmanspec,abs206,sample,abs206,0.20972,absunits,FALSE,SP,SP,,,2021,0.20972
0099-10,7/30/2021,beckmanspec,abs208,sample,abs208,0.19022,absunits,FALSE,SP,SP,,,2021,0.19022
0099-10,7/30/2021,beckmanspec,abs210,sample,abs210,0.17437,absunits,FALSE,SP,SP,,,2021,0.17437
0099-10,7/30/2021,beckmanspec,abs220,sample,abs220,0.12197,absunits,FALSE,SP,SP,,,2021,0.12197
0099-10,7/30/2021,beckmanspec,abs230,sample,abs230,0.09757,absunits,FALSE,SP,SP,,,2021,0.09757
0099-10,7/30/2021,beckmanspec,abs240,sample,abs240,0.08309,absunits,FALSE,SP,SP,,,2021,0.08309
0099-10,7/30/2021,beckmanspec,abs250,sample,abs250,0.07297,absunits,FALSE,SP,SP,,,2021,0.07297
0099-10,7/30/2021,beckmanspec,abs254,sample,abs254,0.06958,absunits,FALSE,SP,SP,,,2021,0.06958
0099-10,7/30/2021,beckmanspec,abs275,sample,abs275,0.05828,absunits,FALSE,SP,SP,,,2021,0.05828
0099-10,7/30/2021,beckmanspec,abs280,sample,abs280,0.05529,absunits,FALSE,SP,SP,,,2021,0.05529
0099-10,7/30/2021,beckmanspec,abs285,sample,abs285,0.05157,absunits,FALSE,SP,SP,,,2021,0.05157
0099-10,7/30/2021,beckmanspec,abs290,sample,abs290,0.04842,absunits,FALSE,SP,SP,,,2021,0.04842
0099-10,7/30/2021,beckmanspec,abs295,sample,abs295,0.04496,absunits,FALSE,SP,SP,,,2021,0.04496
0099-10,7/30/2021,beckmanspec,abs412,sample,abs412,0.01774,absunits,FALSE,SP,SP,,,2021,0.01774
0099-10,7/30/2021,beckmanspec,abs532,sample,abs532,0.01201,absunits,FALSE,SP,SP,,,2021,0.01201
0099-10,7/30/2021,beckmanspec,abs555,sample,abs555,0.0115,absunits,FALSE,SP,SP,,,2021,0.0115
0110-10,7/30/2021,beckmanspec,abs200,sample,abs200,0.34392,absunits,FALSE,SP,SP,,,2021,0.34392
0110-10,7/30/2021,beckmanspec,abs202,sample,abs202,0.26759,absunits,FALSE,SP,SP,,,2021,0.26759
0110-10,7/30/2021,beckmanspec,abs204,sample,abs204,0.22595,absunits,FALSE,SP,SP,,,2021,0.22595
0110-10,7/30/2021,beckmanspec,abs206,sample,abs206,0.20003,absunits,FALSE,SP,SP,,,2021,0.20003
0110-10,7/30/2021,beckmanspec,abs208,sample,abs208,0.17978,absunits,FALSE,SP,SP,,,2021,0.17978
0110-10,7/30/2021,beckmanspec,abs210,sample,abs210,0.16401,absunits,FALSE,SP,SP,,,2021,0.16401
0110-10,7/30/2021,beckmanspec,abs220,sample,abs220,0.10899,absunits,FALSE,SP,SP,,,2021,0.10899
0110-10,7/30/2021,beckmanspec,abs230,sample,abs230,0.08342,absunits,FALSE,SP,SP,,,2021,0.08342
0110-10,7/30/2021,beckmanspec,abs240,sample,abs240,0.07164,absunits,FALSE,SP,SP,,,2021,0.07164
0110-10,7/30/2021,beckmanspec,abs250,sample,abs250,0.06274,absunits,FALSE,SP,SP,,,2021,0.06274
0110-10,7/30/2021,beckmanspec,abs254,sample,abs254,0.06001,absunits,FALSE,SP,SP,corrected data entry error (originally recorded as 0.6001),,2021,0.6001
0110-10,7/30/2021,beckmanspec,abs275,sample,abs275,0.04779,absunits,FALSE,SP,SP,,,2021,0.04779
0110-10,7/30/2021,beckmanspec,abs280,sample,abs280,0.04573,absunits,FALSE,SP,SP,,,2021,0.04573
0110-10,7/30/2021,beckmanspec,abs285,sample,abs285,0.04296,absunits,FALSE,SP,SP,,,2021,0.04296
0110-10,7/30/2021,beckmanspec,abs290,sample,abs290,0.04018,absunits,FALSE,SP,SP,,,2021,0.04018
0110-10,7/30/2021,beckmanspec,abs295,sample,abs295,0.03803,absunits,FALSE,SP,SP,,,2021,0.03803
0110-10,7/30/2021,beckmanspec,abs412,sample,abs412,0.01599,absunits,FALSE,SP,SP,,,2021,0.01599
0110-10,7/30/2021,beckmanspec,abs532,sample,abs532,0.01065,absunits,FALSE,SP,SP,corrected data entry error (originally recorded as 0.1065),,2021,0.1065
0110-10,7/30/2021,beckmanspec,abs555,sample,abs555,0.0101,absunits,FALSE,SP,SP,,,2021,0.0101
0105-10,7/30/2021,beckmanspec,abs200,sample,abs200,0.34121,absunits,FALSE,SP,SP,corrected data entry error (originally recorded as 0.034121),,2021,0.034121
0105-10,7/30/2021,beckmanspec,abs202,sample,abs202,0.26374,absunits,FALSE,SP,SP,,,2021,0.26374
0105-10,7/30/2021,beckmanspec,abs204,sample,abs204,0.22438,absunits,FALSE,SP,SP,,,2021,0.22438
0105-10,7/30/2021,beckmanspec,abs206,sample,abs206,0.1972,absunits,FALSE,SP,SP,,,2021,0.1972
0105-10,7/30/2021,beckmanspec,abs208,sample,abs208,0.17827,absunits,FALSE,SP,SP,,,2021,0.17827
0105-10,7/30/2021,beckmanspec,abs210,sample,abs210,0.16287,absunits,FALSE,SP,SP,,,2021,0.16287
0105-10,7/30/2021,beckmanspec,abs220,sample,abs220,0.11462,absunits,FALSE,SP,SP,,,2021,0.11462
0105-10,7/30/2021,beckmanspec,abs230,sample,abs230,0.09088,absunits,FALSE,SP,SP,,,2021,0.09088
0105-10,7/30/2021,beckmanspec,abs240,sample,abs240,0.07696,absunits,FALSE,SP,SP,,,2021,0.07696
0105-10,7/30/2021,beckmanspec,abs250,sample,abs250,0.06715,absunits,FALSE,SP,SP,,,2021,0.06715
0105-10,7/30/2021,beckmanspec,abs254,sample,abs254,0.06491,absunits,FALSE,SP,SP,,,2021,0.06491
0105-10,7/30/2021,beckmanspec,abs275,sample,abs275,0.05316,absunits,FALSE,SP,SP,,,2021,0.05316
0105-10,7/30/2021,beckmanspec,abs280,sample,abs280,0.05028,absunits,FALSE,SP,SP,,,2021,0.05028
0105-10,7/30/2021,beckmanspec,abs285,sample,abs285,0.04701,absunits,FALSE,SP,SP,,,2021,0.04701
0105-10,7/30/2021,beckmanspec,abs290,sample,abs290,0.04372,absunits,FALSE,SP,SP,,,2021,0.04372
0105-10,7/30/2021,beckmanspec,abs295,sample,abs295,0.04057,absunits,FALSE,SP,SP,,,2021,0.04057
0105-10,7/30/2021,beckmanspec,abs412,sample,abs412,0.01295,absunits,FALSE,SP,SP,,,2021,0.01295
0105-10,7/30/2021,beckmanspec,abs532,sample,abs532,0.00734,absunits,FALSE,SP,SP,,,2021,0.00734
0105-10,7/30/2021,beckmanspec,abs555,sample,abs555,0.00682,absunits,FALSE,SP,SP,,,2021,0.00682
0107-10,7/30/2021,beckmanspec,abs200,sample,abs200,0.33081,absunits,FALSE,SP,SP,,,2021,0.33081
0107-10,7/30/2021,beckmanspec,abs202,sample,abs202,0.25255,absunits,FALSE,SP,SP,,,2021,0.25255
0107-10,7/30/2021,beckmanspec,abs204,sample,abs204,0.21186,absunits,FALSE,SP,SP,,,2021,0.21186
0107-10,7/30/2021,beckmanspec,abs206,sample,abs206,0.1864,absunits,FALSE,SP,SP,,,2021,0.1864
0107-10,7/30/2021,beckmanspec,abs208,sample,abs208,0.16683,absunits,FALSE,SP,SP,,,2021,0.16683
0107-10,7/30/2021,beckmanspec,abs210,sample,abs210,0.15132,absunits,FALSE,SP,SP,,,2021,0.15132
0107-10,7/30/2021,beckmanspec,abs220,sample,abs220,0.10231,absunits,FALSE,SP,SP,,,2021,0.10231
0107-10,7/30/2021,beckmanspec,abs230,sample,abs230,0.07824,absunits,FALSE,SP,SP,,,2021,0.07824
0107-10,7/30/2021,beckmanspec,abs240,sample,abs240,0.06667,absunits,FALSE,SP,SP,,,2021,0.06667
0107-10,7/30/2021,beckmanspec,abs250,sample,abs250,0.0586,absunits,FALSE,SP,SP,,,2021,0.0586
0107-10,7/30/2021,beckmanspec,abs254,sample,abs254,0.05584,absunits,FALSE,SP,SP,,,2021,0.05584
0107-10,7/30/2021,beckmanspec,abs275,sample,abs275,0.04394,absunits,FALSE,SP,SP,,,2021,0.04394
0107-10,7/30/2021,beckmanspec,abs280,sample,abs280,0.04167,absunits,FALSE,SP,SP,,,2021,0.04167
0107-10,7/30/2021,beckmanspec,abs285,sample,abs285,0.03954,absunits,FALSE,SP,SP,,,2021,0.03954
0107-10,7/30/2021,beckmanspec,abs290,sample,abs290,0.03674,absunits,FALSE,SP,SP,,,2021,0.03674
0107-10,7/30/2021,beckmanspec,abs295,sample,abs295,0.03435,absunits,FALSE,SP,SP,,,2021,0.03435
0107-10,7/30/2021,beckmanspec,abs412,sample,abs412,0.01191,absunits,FALSE,SP,SP,,,2021,0.01191
0107-10,7/30/2021,beckmanspec,abs532,sample,abs532,0.00741,absunits,FALSE,SP,SP,,,2021,0.00741
0107-10,7/30/2021,beckmanspec,abs555,sample,abs555,0.00696,absunits,FALSE,SP,SP,,,2021,0.00696
0100-10,7/30/2021,beckmanspec,abs200,sample,abs200,0.33266,absunits,FALSE,SP,SP,,,2021,0.33266
0100-10,7/30/2021,beckmanspec,abs202,sample,abs202,0.25756,absunits,FALSE,SP,SP,,,2021,0.25756
0100-10,7/30/2021,beckmanspec,abs204,sample,abs204,0.2173,absunits,FALSE,SP,SP,,,2021,0.2173
0100-10,7/30/2021,beckmanspec,abs206,sample,abs206,0.19194,absunits,FALSE,SP,SP,,,2021,0.19194
0100-10,7/30/2021,beckmanspec,abs208,sample,abs208,0.17286,absunits,FALSE,SP,SP,,,2021,0.17286
0100-10,7/30/2021,beckmanspec,abs210,sample,abs210,0.15771,absunits,FALSE,SP,SP,,,2021,0.15771
0100-10,7/30/2021,beckmanspec,abs220,sample,abs220,0.11278,absunits,FALSE,SP,SP,,,2021,0.11278
0100-10,7/30/2021,beckmanspec,abs230,sample,abs230,0.09009,absunits,FALSE,SP,SP,,,2021,0.09009
0100-10,7/30/2021,beckmanspec,abs240,sample,abs240,0.07631,absunits,FALSE,SP,SP,,,2021,0.07631
0100-10,7/30/2021,beckmanspec,abs250,sample,abs250,0.06711,absunits,FALSE,SP,SP,,,2021,0.06711
0100-10,7/30/2021,beckmanspec,abs254,sample,abs254,0.06416,absunits,FALSE,SP,SP,,,2021,0.06416
0100-10,7/30/2021,beckmanspec,abs275,sample,abs275,0.05264,absunits,FALSE,SP,SP,,,2021,0.05264
0100-10,7/30/2021,beckmanspec,abs280,sample,abs280,0.04989,absunits,FALSE,SP,SP,,,2021,0.04989
0100-10,7/30/2021,beckmanspec,abs285,sample,abs285,0.04615,absunits,FALSE,SP,SP,,,2021,0.04615
0100-10,7/30/2021,beckmanspec,abs290,sample,abs290,0.04306,absunits,FALSE,SP,SP,,,2021,0.04306
0100-10,7/30/2021,beckmanspec,abs295,sample,abs295,0.04037,absunits,FALSE,SP,SP,,,2021,0.04037
0100-10,7/30/2021,beckmanspec,abs412,sample,abs412,0.0131,absunits,FALSE,SP,SP,,,2021,0.0131
0100-10,7/30/2021,beckmanspec,abs532,sample,abs532,0.0077,absunits,FALSE,SP,SP,,,2021,0.0077
0100-10,7/30/2021,beckmanspec,abs555,sample,abs555,0.00724,absunits,FALSE,SP,SP,,,2021,0.00724
0097-10,7/30/2021,beckmanspec,abs200,sample,abs200,0.70205,absunits,FALSE,SP,SP,,,2021,0.70205
0097-10,7/30/2021,beckmanspec,abs202,sample,abs202,0.49563,absunits,FALSE,SP,SP,,,2021,0.49563
0097-10,7/30/2021,beckmanspec,abs204,sample,abs204,0.40571,absunits,FALSE,SP,SP,,,2021,0.40571
0097-10,7/30/2021,beckmanspec,abs206,sample,abs206,0.35392,absunits,FALSE,SP,SP,,,2021,0.35392
0097-10,7/30/2021,beckmanspec,abs208,sample,abs208,0.31821,absunits,FALSE,SP,SP,,,2021,0.31821
0097-10,7/30/2021,beckmanspec,abs210,sample,abs210,0.28886,absunits,FALSE,SP,SP,,,2021,0.28886
0097-10,7/30/2021,beckmanspec,abs220,sample,abs220,0.20927,absunits,FALSE,SP,SP,,,2021,0.20927
0097-10,7/30/2021,beckmanspec,abs230,sample,abs230,0.17075,absunits,FALSE,SP,SP,,,2021,0.17075
0097-10,7/30/2021,beckmanspec,abs240,sample,abs240,0.14585,absunits,FALSE,SP,SP,,,2021,0.14585
0097-10,7/30/2021,beckmanspec,abs250,sample,abs250,0.12944,absunits,FALSE,SP,SP,,,2021,0.12944
0097-10,7/30/2021,beckmanspec,abs254,sample,abs254,0.12472,absunits,FALSE,SP,SP,,,2021,0.12472
0097-10,7/30/2021,beckmanspec,abs275,sample,abs275,0.09737,absunits,FALSE,SP,SP,,,2021,0.09737
0097-10,7/30/2021,beckmanspec,abs280,sample,abs280,0.09024,absunits,FALSE,SP,SP,,,2021,0.09024
0097-10,7/30/2021,beckmanspec,abs285,sample,abs285,0.08233,absunits,FALSE,SP,SP,,,2021,0.08233
0097-10,7/30/2021,beckmanspec,abs290,sample,abs290,0.07461,absunits,FALSE,SP,SP,,,2021,0.07461
0097-10,7/30/2021,beckmanspec,abs295,sample,abs295,0.06776,absunits,FALSE,SP,SP,,,2021,0.06776
0097-10,7/30/2021,beckmanspec,abs412,sample,abs412,0.07544,absunits,FALSE,SP,SP,,,2021,0.07544
0097-10,7/30/2021,beckmanspec,abs532,sample,abs532,0.00763,absunits,FALSE,SP,SP,,,2021,0.00763
0097-10,7/30/2021,beckmanspec,abs555,sample,abs555,0.00711,absunits,FALSE,SP,SP,,,2021,0.00711
0108-10,7/30/2021,beckmanspec,abs200,sample,abs200,1.01885,absunits,FALSE,SP,SP,,,2021,1.01885
0108-10,7/30/2021,beckmanspec,abs202,sample,abs202,0.89686,absunits,FALSE,SP,SP,,,2021,0.89686
0108-10,7/30/2021,beckmanspec,abs204,sample,abs204,0.82303,absunits,FALSE,SP,SP,,,2021,0.82303
0108-10,7/30/2021,beckmanspec,abs206,sample,abs206,0.76644,absunits,FALSE,SP,SP,,,2021,0.76644
0108-10,7/30/2021,beckmanspec,abs208,sample,abs208,0.70952,absunits,FALSE,SP,SP,,corrected data entry error (originally recorded as 0.20952),2021,0.20952
0108-10,7/30/2021,beckmanspec,abs210,sample,abs210,0.6505,absunits,FALSE,SP,SP,,,2021,0.6505
0108-10,7/30/2021,beckmanspec,abs220,sample,abs220,0.3662,absunits,FALSE,SP,SP,,,2021,0.3662
0108-10,7/30/2021,beckmanspec,abs230,sample,abs230,0.19927,absunits,FALSE,SP,SP,,,2021,0.19927
0108-10,7/30/2021,beckmanspec,abs240,sample,abs240,0.14323,absunits,FALSE,SP,SP,,,2021,0.14323
0108-10,7/30/2021,beckmanspec,abs250,sample,abs250,0.12157,absunits,FALSE,SP,SP,,,2021,0.12157
0108-10,7/30/2021,beckmanspec,abs254,sample,abs254,0.11627,absunits,FALSE,SP,SP,,,2021,0.11627
0108-10,7/30/2021,beckmanspec,abs275,sample,abs275,0.09256,absunits,FALSE,SP,SP,,,2021,0.09256
0108-10,7/30/2021,beckmanspec,abs280,sample,abs280,0.0864,absunits,FALSE,SP,SP,,,2021,0.0864
0108-10,7/30/2021,beckmanspec,abs285,sample,abs285,0.07988,absunits,FALSE,SP,SP,,,2021,0.07988
0108-10,7/30/2021,beckmanspec,abs290,sample,abs290,0.07305,absunits,FALSE,SP,SP,,,2021,0.07305
0108-10,7/30/2021,beckmanspec,abs295,sample,abs295,0.0672,absunits,FALSE,SP,SP,,,2021,0.0672
0108-10,7/30/2021,beckmanspec,abs412,sample,abs412,0.01629,absunits,FALSE,SP,SP,,,2021,0.01629
0108-10,7/30/2021,beckmanspec,abs532,sample,abs532,0.00806,absunits,FALSE,SP,SP,,,2021,0.00806
0108-10,7/30/2021,beckmanspec,abs555,sample,abs555,0.00745,absunits,FALSE,SP,SP,,,2021,0.00745
0106-10,7/30/2021,beckmanspec,abs200,sample,abs200,1.06205,absunits,FALSE,SP,SP,,,2021,1.06205
0106-10,7/30/2021,beckmanspec,abs202,sample,abs202,0.94939,absunits,FALSE,SP,SP,,,2021,0.94939
0106-10,7/30/2021,beckmanspec,abs204,sample,abs204,0.87276,absunits,FALSE,SP,SP,,,2021,0.87276
0106-10,7/30/2021,beckmanspec,abs206,sample,abs206,0.81045,absunits,FALSE,SP,SP,,,2021,0.81045
0106-10,7/30/2021,beckmanspec,abs208,sample,abs208,0.75194,absunits,FALSE,SP,SP,,,2021,0.75194
0106-10,7/30/2021,beckmanspec,abs210,sample,abs210,0.69189,absunits,FALSE,SP,SP,,,2021,0.69189
0106-10,7/30/2021,beckmanspec,abs220,sample,abs220,0.38941,absunits,FALSE,SP,SP,,,2021,0.38941
0106-10,7/30/2021,beckmanspec,abs230,sample,abs230,0.20921,absunits,FALSE,SP,SP,,,2021,0.20921
0106-10,7/30/2021,beckmanspec,abs240,sample,abs240,0.14811,absunits,FALSE,SP,SP,,,2021,0.14811
0106-10,7/30/2021,beckmanspec,abs250,sample,abs250,0.12616,absunits,FALSE,SP,SP,,,2021,0.12616
0106-10,7/30/2021,beckmanspec,abs254,sample,abs254,0.12116,absunits,FALSE,SP,SP,,,2021,0.12116
0106-10,7/30/2021,beckmanspec,abs275,sample,abs275,0.09657,absunits,FALSE,SP,SP,,,2021,0.09657
0106-10,7/30/2021,beckmanspec,abs280,sample,abs280,0.08995,absunits,FALSE,SP,SP,,,2021,0.08995
0106-10,7/30/2021,beckmanspec,abs285,sample,abs285,0.08291,absunits,FALSE,SP,SP,,,2021,0.08291
0106-10,7/30/2021,beckmanspec,abs290,sample,abs290,0.07652,absunits,FALSE,SP,SP,,,2021,0.07652
0106-10,7/30/2021,beckmanspec,abs295,sample,abs295,0.07019,absunits,FALSE,SP,SP,,,2021,0.07019
0106-10,7/30/2021,beckmanspec,abs412,sample,abs412,0.01759,absunits,FALSE,SP,SP,,,2021,0.01759
0106-10,7/30/2021,beckmanspec,abs532,sample,abs532,0.00835,absunits,FALSE,SP,SP,,,2021,0.00835
0106-10,7/30/2021,beckmanspec,abs555,sample,abs555,0.00765,absunits,FALSE,SP,SP,,,2021,0.00765
0098-10,7/30/2021,beckmanspec,abs200,sample,abs200,0.70579,absunits,FALSE,SP,SP,,,2021,0.70579
0098-10,7/30/2021,beckmanspec,abs202,sample,abs202,0.49221,absunits,FALSE,SP,SP,,,2021,0.49221
0098-10,7/30/2021,beckmanspec,abs204,sample,abs204,0.40484,absunits,FALSE,SP,SP,,,2021,0.40484
0098-10,7/30/2021,beckmanspec,abs206,sample,abs206,0.35274,absunits,FALSE,SP,SP,,,2021,0.35274
0098-10,7/30/2021,beckmanspec,abs208,sample,abs208,0.31737,absunits,FALSE,SP,SP,,,2021,0.31737
0098-10,7/30/2021,beckmanspec,abs210,sample,abs210,0.28863,absunits,FALSE,SP,SP,,,2021,0.28863
0098-10,7/30/2021,beckmanspec,abs220,sample,abs220,0.21208,absunits,FALSE,SP,SP,,,2021,0.21208
0098-10,7/30/2021,beckmanspec,abs230,sample,abs230,0.17331,absunits,FALSE,SP,SP,,,2021,0.17331
0098-10,7/30/2021,beckmanspec,abs240,sample,abs240,0.147,absunits,FALSE,SP,SP,,,2021,0.147
0098-10,7/30/2021,beckmanspec,abs250,sample,abs250,0.1307,absunits,FALSE,SP,SP,,,2021,0.1307
0098-10,7/30/2021,beckmanspec,abs254,sample,abs254,0.12638,absunits,FALSE,SP,SP,,,2021,0.12638
0098-10,7/30/2021,beckmanspec,abs275,sample,abs275,0.09932,absunits,FALSE,SP,SP,,,2021,0.09932
0098-10,7/30/2021,beckmanspec,abs280,sample,abs280,0.09214,absunits,FALSE,SP,SP,,,2021,0.09214
0098-10,7/30/2021,beckmanspec,abs285,sample,abs285,0.08429,absunits,FALSE,SP,SP,,,2021,0.08429
0098-10,7/30/2021,beckmanspec,abs290,sample,abs290,0.07659,absunits,FALSE,SP,SP,,,2021,0.07659
0098-10,7/30/2021,beckmanspec,abs295,sample,abs295,0.06936,absunits,FALSE,SP,SP,,,2021,0.06936
0098-10,7/30/2021,beckmanspec,abs412,sample,abs412,0.01604,absunits,FALSE,SP,SP,,,2021,0.01604
0098-10,7/30/2021,beckmanspec,abs532,sample,abs532,0.00757,absunits,FALSE,SP,SP,,,2021,0.00757
0098-10,7/30/2021,beckmanspec,abs555,sample,abs555,0.00709,absunits,FALSE,SP,SP,,,2021,0.00709
0104-10,7/30/2021,beckmanspec,abs200,sample,abs200,1.00246,absunits,FALSE,SP,SP,,,2021,1.00246
0104-10,7/30/2021,beckmanspec,abs202,sample,abs202,0.89139,absunits,FALSE,SP,SP,,,2021,0.89139
0104-10,7/30/2021,beckmanspec,abs204,sample,abs204,0.82189,absunits,FALSE,SP,SP,,,2021,0.82189
0104-10,7/30/2021,beckmanspec,abs206,sample,abs206,0.76644,absunits,FALSE,SP,SP,,,2021,0.76644
0104-10,7/30/2021,beckmanspec,abs208,sample,abs208,0.71021,absunits,FALSE,SP,SP,,,2021,0.71021
0104-10,7/30/2021,beckmanspec,abs210,sample,abs210,0.65158,absunits,FALSE,SP,SP,,,2021,0.65158
0104-10,7/30/2021,beckmanspec,abs220,sample,abs220,0.36435,absunits,FALSE,SP,SP,,,2021,0.36435
0104-10,7/30/2021,beckmanspec,abs230,sample,abs230,0.19398,absunits,FALSE,SP,SP,,,2021,0.19398
0104-10,7/30/2021,beckmanspec,abs240,sample,abs240,0.13657,absunits,FALSE,SP,SP,,,2021,0.13657
0104-10,7/30/2021,beckmanspec,abs250,sample,abs250,0.1156,absunits,FALSE,SP,SP,,,2021,0.1156
0104-10,7/30/2021,beckmanspec,abs254,sample,abs254,0.1106,absunits,FALSE,SP,SP,,,2021,0.1106
0104-10,7/30/2021,beckmanspec,abs275,sample,abs275,0.08759,absunits,FALSE,SP,SP,,,2021,0.08759
0104-10,7/30/2021,beckmanspec,abs280,sample,abs280,0.08188,absunits,FALSE,SP,SP,,,2021,0.08188
0104-10,7/30/2021,beckmanspec,abs285,sample,abs285,0.07524,absunits,FALSE,SP,SP,,,2021,0.07524
0104-10,7/30/2021,beckmanspec,abs290,sample,abs290,0.06976,absunits,FALSE,SP,SP,,,2021,0.06976
0104-10,7/30/2021,beckmanspec,abs295,sample,abs295,0.06368,absunits,FALSE,SP,SP,,,2021,0.06368
0104-10,7/30/2021,beckmanspec,abs412,sample,abs412,0.01474,absunits,FALSE,SP,SP,,,2021,0.01474
0104-10,7/30/2021,beckmanspec,abs532,sample,abs532,0.00708,absunits,FALSE,SP,SP,,,2021,0.00708
0104-10,7/30/2021,beckmanspec,abs555,sample,abs555,0.00646,absunits,FALSE,SP,SP,,,2021,0.00646
0096-10,7/30/2021,beckmanspec,abs200,sample,abs200,0.70391,absunits,FALSE,SP,SP,,,2021,0.70391
0096-10,7/30/2021,beckmanspec,abs202,sample,abs202,0.48821,absunits,FALSE,SP,SP,,,2021,0.48821
0096-10,7/30/2021,beckmanspec,abs204,sample,abs204,0.40011,absunits,FALSE,SP,SP,,,2021,0.40011
0096-10,7/30/2021,beckmanspec,abs206,sample,abs206,0.34706,absunits,FALSE,SP,SP,,,2021,0.34706
0096-10,7/30/2021,beckmanspec,abs208,sample,abs208,0.31172,absunits,FALSE,SP,SP,,,2021,0.31172
0096-10,7/30/2021,beckmanspec,abs210,sample,abs210,0.28349,absunits,FALSE,SP,SP,,,2021,0.28349
0096-10,7/30/2021,beckmanspec,abs220,sample,abs220,0.20633,absunits,FALSE,SP,SP,,,2021,0.20633
0096-10,7/30/2021,beckmanspec,abs230,sample,abs230,0.16909,absunits,FALSE,SP,SP,,,2021,0.16909
0096-10,7/30/2021,beckmanspec,abs240,sample,abs240,0.14408,absunits,FALSE,SP,SP,,,2021,0.14408
0096-10,7/30/2021,beckmanspec,abs250,sample,abs250,0.12813,absunits,FALSE,SP,SP,,,2021,0.12813
0096-10,7/30/2021,beckmanspec,abs254,sample,abs254,0.12334,absunits,FALSE,SP,SP,,,2021,0.12334
0096-10,7/30/2021,beckmanspec,abs275,sample,abs275,0.09571,absunits,FALSE,SP,SP,,,2021,0.09571
0096-10,7/30/2021,beckmanspec,abs280,sample,abs280,0.08857,absunits,FALSE,SP,SP,,,2021,0.08857
0096-10,7/30/2021,beckmanspec,abs285,sample,abs285,0.08053,absunits,FALSE,SP,SP,,,2021,0.08053
0096-10,7/30/2021,beckmanspec,abs290,sample,abs290,0.07355,absunits,FALSE,SP,SP,,,2021,0.07355
0096-10,7/30/2021,beckmanspec,abs295,sample,abs295,0.06658,absunits,FALSE,SP,SP,,,2021,0.06658
0096-10,7/30/2021,beckmanspec,abs412,sample,abs412,0.013,absunits,FALSE,SP,SP,,,2021,0.013
0096-10,7/30/2021,beckmanspec,abs532,sample,abs532,0.006,absunits,FALSE,SP,SP,,,2021,0.006
0096-10,7/30/2021,beckmanspec,abs555,sample,abs555,0.00548,absunits,FALSE,SP,SP,,,2021,0.00548
0351-09,8/24/2021,turbidimeter,turbidity,sample,0351-09,44,ntu,FALSE,SP,SP,,,2021,
0357-09,8/24/2021,turbidimeter,turbidity,sample,0357-09,12.1,ntu,FALSE,SP,SP,,,2021,
0360-09,8/24/2021,turbidimeter,turbidity,sample,0360-09,7.54,ntu,FALSE,SP,SP,,,2021,
0361-09,8/24/2021,turbidimeter,turbidity,sample,0361-09,28.9,ntu,FALSE,SP,SP,,,2021,
"TBD, lake Waco site 1",,turbidimeter,turbidity,sample,TBD,9.24,ntu,FALSE,SP,SP,,,2021,
0007-01,8/11/2021,lachat,srp,sample,20210728_WHITNEY_00701,0.00514,mgL-1,FALSE,JB,SP,,,2021,
0008-01,8/11/2021,lachat,srp,sample,801,0.00575,mgL-1,FALSE,JB,SP,,,2021,
0009-01,8/11/2021,lachat,srp,sample,901,0.00534,mgL-1,FALSE,JB,SP,,,2021,
0016-01,8/11/2021,lachat,srp,sample,1601,0.066,mgL-1,FALSE,JB,SP,,,2021,
0017-01,8/11/2021,lachat,srp,sample,1701,0.077,mgL-1,FALSE,JB,SP,,,2021,
0018-01,8/11/2021,lachat,srp,sample,1801,0.0767,mgL-1,FALSE,JB,SP,,,2021,
0025-01,8/11/2021,lachat,srp,sample,2501,0.0302,mgL-1,FALSE,JB,SP,,,2021,
0026-01,8/11/2021,lachat,srp,sample,2601,0.0256,mgL-1,FALSE,JB,SP,,,2021,
0027-01,8/11/2021,lachat,srp,sample,2701,0.0257,mgL-1,FALSE,JB,SP,,,2021,
0034-01,8/11/2021,lachat,srp,sample,3401,0.00497,mgL-1,FALSE,JB,SP,,,2021,
0035-01,8/11/2021,lachat,srp,sample,3501,0.0052,mgL-1,FALSE,JB,SP,,,2021,
0036-01,8/11/2021,lachat,srp,sample,3601,0.00451,mgL-1,FALSE,JB,SP,,,2021,
0043-01,8/11/2021,lachat,srp,sample,4301,0.00753,mgL-1,FALSE,JB,SP,,,2021,
0044-01,8/11/2021,lachat,srp,sample,4401,0.00662,mgL-1,FALSE,JB,SP,,,2021,
0045-01,8/11/2021,lachat,srp,sample,4501,0.0059,mgL-1,FALSE,JB,SP,,,2021,
0007-01,8/11/2021,lachat,nh4n,sample,20210728_WHITNEY_00701,-0.00147,mgL-1,FALSE,JB,SP,,,2021,
0008-01,8/11/2021,lachat,nh4n,sample,801,-0.00266,mgL-1,FALSE,JB,SP,,,2021,
0009-01,8/11/2021,lachat,nh4n,sample,901,0.000403,mgL-1,FALSE,JB,SP,,,2021,
0016-01,8/11/2021,lachat,nh4n,sample,1601,0.0211,mgL-1,FALSE,JB,SP,,,2021,
0017-01,8/11/2021,lachat,nh4n,sample,1701,0.0241,mgL-1,FALSE,JB,SP,,,2021,
0018-01,8/11/2021,lachat,nh4n,sample,1801,0.0219,mgL-1,FALSE,JB,SP,,,2021,
0025-01,8/11/2021,lachat,nh4n,sample,2501,0.15,mgL-1,FALSE,JB,SP,,,2021,
0026-01,8/11/2021,lachat,nh4n,sample,2601,0.166,mgL-1,FALSE,JB,SP,,,2021,
0027-01,8/11/2021,lachat,nh4n,sample,2701,0.151,mgL-1,FALSE,JB,SP,,,2021,
0034-01,8/11/2021,lachat,nh4n,sample,3401,0.00504,mgL-1,FALSE,JB,SP,,,2021,
0035-01,8/11/2021,lachat,nh4n,sample,3501,0.00447,mgL-1,FALSE,JB,SP,,,2021,
0036-01,8/11/2021,lachat,nh4n,sample,3601,0.00544,mgL-1,FALSE,JB,SP,,,2021,
0043-01,8/11/2021,lachat,nh4n,sample,4301,0.0409,mgL-1,FALSE,JB,SP,,,2021,
0044-01,8/11/2021,lachat,nh4n,sample,4401,0.0000513,mgL-1,FALSE,JB,SP,,,2021,
0045-01,8/11/2021,lachat,nh4n,sample,4501,-0.00154,mgL-1,FALSE,JB,SP,,,2021,
0007-01,8/11/2021,lachat,no3n,sample,20210728_WHITNEY_00701,-0.00286,mgL-1,FALSE,JB,SP,,,2021,
0008-01,8/11/2021,lachat,no3n,sample,801,0.00136,mgL-1,FALSE,JB,SP,,,2021,
0009-01,8/11/2021,lachat,no3n,sample,901,0.00202,mgL-1,FALSE,JB,SP,,,2021,
0016-01,8/11/2021,lachat,no3n,sample,1601,0.592,mgL-1,FALSE,JB,SP,,,2021,
0017-01,8/11/2021,lachat,no3n,sample,1701,0.623,mgL-1,FALSE,JB,SP,,,2021,
0018-01,8/11/2021,lachat,no3n,sample,1801,0.613,mgL-1,FALSE,JB,SP,,,2021,
0025-01,8/11/2021,lachat,no3n,sample,2501,0.0274,mgL-1,FALSE,JB,SP,,,2021,
0026-01,8/11/2021,lachat,no3n,sample,2601,0.0285,mgL-1,FALSE,JB,SP,,,2021,
0027-01,8/11/2021,lachat,no3n,sample,2701,0.0284,mgL-1,FALSE,JB,SP,,,2021,
0034-01,8/11/2021,lachat,no3n,sample,3401,0.0393,mgL-1,FALSE,JB,SP,,,2021,
0035-01,8/11/2021,lachat,no3n,sample,3501,0.0406,mgL-1,FALSE,JB,SP,,,2021,
0036-01,8/11/2021,lachat,no3n,sample,3601,0.0402,mgL-1,FALSE,JB,SP,,,2021,
0043-01,8/11/2021,lachat,no3n,sample,4301,0.0147,mgL-1,FALSE,JB,SP,,,2021,
0044-01,8/11/2021,lachat,no3n,sample,4401,0.0152,mgL-1,FALSE,JB,SP,,,2021,
0045-01,8/11/2021,lachat,no3n,sample,4501,0.0153,mgL-1,FALSE,JB,SP,,,2021,
0168-12,9/15/2021,lachat,srp,sample,20210812_0168-12,0.0631,mgL-1,FALSE,JB,SP,,,2021,
0166-12,9/15/2021,lachat,srp,sample,0166-12,0.0587,mgL-1,FALSE,JB,SP,,,2021,
0167-12,9/15/2021,lachat,srp,sample,0167-12,0.0396,mgL-1,FALSE,JB,SP,,,2021,
0160-12,9/15/2021,lachat,srp,sample,0160-12,0.0129,mgL-1,FALSE,JB,SP,,,2021,
0161-12,9/15/2021,lachat,srp,sample,0161-12,0.0134,mgL-1,FALSE,JB,SP,,,2021,
0162-12,9/15/2021,lachat,srp,sample,0162-12,0.0102,mgL-1,FALSE,JB,SP,,,2021,
0426-01,9/15/2021,lachat,srp,sample,20210903_0426-01,0.00935,mgL-1,FALSE,JB,SP,,,2021,
0427-01,9/15/2021,lachat,srp,sample,0427-01,0.00876,mgL-1,FALSE,JB,SP,,,2021,
0428-01,9/15/2021,lachat,srp,sample,0428-01,0.00778,mgL-1,FALSE,JB,SP,,,2021,
0428-01,9/15/2021,lachat,srp,sample,0428-01,0.00716,mgL-1,FALSE,JB,SP,,,2021,
0429-01,9/15/2021,lachat,srp,sample,0429-01,0.00891,mgL-1,FALSE,JB,SP,,,2021,
0430-01,9/15/2021,lachat,srp,sample,0430-01,0.00709,mgL-1,FALSE,JB,SP,,,2021,
0416-01,9/15/2021,lachat,srp,sample,20210821_0416-01,0.00453,mgL-1,FALSE,JB,SP,,,2021,
0418-01,9/15/2021,lachat,srp,sample,0418-01,0.00953,mgL-1,FALSE,JB,SP,,,2021,
0418-01,9/15/2021,lachat,srp,sample,0418-01,0.0102,mgL-1,FALSE,JB,SP,,,2021,
0420-01,9/15/2021,lachat,srp,sample,0420-01,0.00606,mgL-1,FALSE,JB,SP,,,2021,
0421-01,9/15/2021,lachat,srp,sample,0421-01,0.00672,mgL-1,FALSE,JB,SP,,,2021,
0415-01,9/15/2021,lachat,srp,sample,20210820_0415-01,0.0372,mgL-1,FALSE,JB,SP,,,2021,
0168-12,9/15/2021,lachat,nh4n,sample,20210812_0168-12,0.0088,mgL-1,FALSE,JB,SP,,,2021,
0166-12,9/15/2021,lachat,nh4n,sample,0166-12,0.00755,mgL-1,FALSE,JB,SP,,,2021,
0167-12,9/15/2021,lachat,nh4n,sample,0167-12,0.00869,mgL-1,FALSE,JB,SP,,,2021,
0160-12,9/15/2021,lachat,nh4n,sample,0160-12,0.00628,mgL-1,FALSE,JB,SP,,,2021,
0161-12,9/15/2021,lachat,nh4n,sample,0161-12,0.00102,mgL-1,FALSE,JB,SP,,,2021,
0162-12,9/15/2021,lachat,nh4n,sample,0162-12,0.00487,mgL-1,FALSE,JB,SP,,,2021,
0426-01,9/15/2021,lachat,nh4n,sample,20210903_0426-01,0.00196,mgL-1,FALSE,JB,SP,,,2021,
0427-01,9/15/2021,lachat,nh4n,sample,0427-01,0.00228,mgL-1,FALSE,JB,SP,,,2021,
0428-01,9/15/2021,lachat,nh4n,sample,0428-01,-0.000907,mgL-1,FALSE,JB,SP,,,2021,
0428-01,9/15/2021,lachat,nh4n,sample,0428-01,-0.00138,mgL-1,FALSE,JB,SP,,,2021,
0429-01,9/15/2021,lachat,nh4n,sample,0429-01,0.00275,mgL-1,FALSE,JB,SP,,,2021,
0430-01,9/15/2021,lachat,nh4n,sample,0430-01,0.00142,mgL-1,FALSE,JB,SP,,,2021,
0416-01,9/15/2021,lachat,nh4n,sample,20210821_0416-01,0.0101,mgL-1,FALSE,JB,SP,,,2021,
0418-01,9/15/2021,lachat,nh4n,sample,0418-01,0.0291,mgL-1,FALSE,JB,SP,,,2021,
0420-01,9/15/2021,lachat,nh4n,sample,0420-01,0.00807,mgL-1,FALSE,JB,SP,,,2021,
0421-01,9/15/2021,lachat,nh4n,sample,0421-01,0.00549,mgL-1,FALSE,JB,SP,,,2021,
0415-01,9/15/2021,lachat,nh4n,sample,20210820_0415-01,0.00357,mgL-1,FALSE,JB,SP,,,2021,
0168-12,9/15/2021,lachat,no3n,sample,20210812_0168-12,0.00595,mgL-1,FALSE,JB,SP,,,2021,
0166-12,9/15/2021,lachat,no3n,sample,0166-12,0.00803,mgL-1,FALSE,JB,SP,,,2021,
0167-12,9/15/2021,lachat,no3n,sample,0167-12,0.00287,mgL-1,FALSE,JB,SP,,,2021,
0160-12,9/15/2021,lachat,no3n,sample,0160-12,0.0121,mgL-1,FALSE,JB,SP,,,2021,
0161-12,9/15/2021,lachat,no3n,sample,0161-12,0.0106,mgL-1,FALSE,JB,SP,,,2021,
0162-12,9/15/2021,lachat,no3n,sample,0162-12,0.0115,mgL-1,FALSE,JB,SP,,,2021,
0426-01,9/15/2021,lachat,no3n,sample,20210903_0426-01,0.00029,mgL-1,FALSE,JB,SP,,,2021,
0427-01,9/15/2021,lachat,no3n,sample,0427-01,0.0000714,mgL-1,FALSE,JB,SP,,,2021,
0428-01,9/15/2021,lachat,no3n,sample,0428-01,-0.000584,mgL-1,FALSE,JB,SP,,,2021,
0428-01,9/15/2021,lachat,no3n,sample,0428-01,-0.00097,mgL-1,FALSE,JB,SP,,,2021,
0429-01,9/15/2021,lachat,no3n,sample,0429-01,0.000485,mgL-1,FALSE,JB,SP,,,2021,
0430-01,9/15/2021,lachat,no3n,sample,0430-01,0.000132,mgL-1,FALSE,JB,SP,,,2021,
0416-01,9/15/2021,lachat,no3n,sample,20210821_0416-01,0.0376,mgL-1,FALSE,JB,SP,,,2021,
0418-01,9/15/2021,lachat,no3n,sample,0418-01,0.323,mgL-1,FALSE,JB,SP,,,2021,
0420-01,9/15/2021,lachat,no3n,sample,0420-01,0.0017,mgL-1,FALSE,JB,SP,,,2021,
0421-01,9/15/2021,lachat,no3n,sample,0421-01,0.00199,mgL-1,FALSE,JB,SP,,,2021,
0415-01,9/15/2021,lachat,no3n,sample,20210820_0415-01,0.00193,mgL-1,FALSE,JB,SP,,,2021,
0096-10,8/12/2021,shimadzu,doc,sample,9610,5.595,mgL-1,FALSE,JB,SP,,,2021,
0097-10,8/12/2021,shimadzu,doc,sample,9710,5.972,mgL-1,FALSE,JB,SP,,,2021,
0098-10,8/12/2021,shimadzu,doc,sample,9810,5.939,mgL-1,FALSE,JB,SP,,,2021,
0099-10,8/12/2021,shimadzu,doc,sample,9910,3.251,mgL-1,FALSE,JB,SP,,,2021,
0100-10,8/12/2021,shimadzu,doc,sample,10010,3.757,mgL-1,FALSE,JB,SP,,,2021,
0101-10,8/12/2021,shimadzu,doc,sample,10110,7.221,mgL-1,FALSE,JB,SP,,,2021,
0102-10,8/12/2021,shimadzu,doc,sample,10210,7.021,mgL-1,FALSE,JB,SP,,,2021,
0103-10,8/12/2021,shimadzu,doc,sample,10310,7.286,mgL-1,FALSE,JB,SP,,,2021,
0104-10,8/12/2021,shimadzu,doc,sample,10410,5.492,mgL-1,FALSE,JB,SP,,,2021,
0105-10,8/12/2021,shimadzu,doc,sample,10510,3.47,mgL-1,FALSE,JB,SP,,,2021,
0106-10,8/12/2021,shimadzu,doc,sample,10610,6.268,mgL-1,FALSE,JB,SP,,,2021,
0107-10,8/12/2021,shimadzu,doc,sample,10710,3.212,mgL-1,FALSE,JB,SP,,,2021,
0108-10,8/12/2021,shimadzu,doc,sample,10810,6.157,mgL-1,FALSE,JB,SP,,,2021,
0109-10,8/12/2021,shimadzu,doc,sample,10910,3.313,mgL-1,FALSE,JB,SP,,,2021,
0110-10,8/12/2021,shimadzu,doc,sample,11010,3.045,mgL-1,FALSE,JB,SP,,,2021,
0127-10,9/16/2021,shimadzu,doc,sample,0127-10,6.92,mgL-1,FALSE,JB,LM,,,2021,
0124-10,9/16/2021,shimadzu,doc,sample,0124-10,7.067,mgL-1,FALSE,JB,LM,,,2021,
0318-14,9/16/2021,shimadzu,doc,sample,0318-14,6.852,mgL-1,FALSE,JB,LM,,,2021,
0126-10,9/16/2021,shimadzu,doc,sample,0126-10,5.088,mgL-1,FALSE,JB,LM,,,2021,
0118-10,9/16/2021,shimadzu,doc,sample,0118-10,10.01,mgL-1,FALSE,JB,LM,,,2021,
0117-10,9/16/2021,shimadzu,doc,sample,0117-10,8.739,mgL-1,FALSE,JB,LM,,,2021,
0119-10,9/16/2021,shimadzu,doc,sample,0119-10,9.606,mgL-1,FALSE,JB,LM,,,2021,
0113-10,9/16/2021,shimadzu,doc,sample,0113-10,5.316,mgL-1,FALSE,JB,LM,,,2021,
0112-10,9/16/2021,shimadzu,doc,sample,0112-10,5.876,mgL-1,FALSE,JB,LM,,,2021,
0111-10,9/16/2021,shimadzu,doc,sample,0111-10,7.298,mgL-1,FALSE,JB,LM,,,2021,
0612-10,9/16/2021,shimadzu,doc,sample,0612-10,5.857,mgL-1,FALSE,JB,LM,,,2021,
0613-10,9/16/2021,shimadzu,doc,sample,0613-10,5.377,mgL-1,FALSE,JB,LM,,,2021,
0614-10,9/16/2021,shimadzu,doc,sample,0614-10,5.312,mgL-1,FALSE,JB,LM,,,2021,
0615-10,9/16/2021,shimadzu,doc,sample,0615-10,5.709,mgL-1,FALSE,JB,LM,,,2021,
0616-10,9/16/2021,shimadzu,doc,sample,0616-10,5.7,mgL-1,FALSE,JB,LM,,,2021,
0123-10,9/16/2021,shimadzu,doc,sample,0123-10,19.4,mgL-1,FALSE,JB,LM,,,2021,
0612-10,9/16/2021,shimadzu,doc,sample,0612-10,11.02,mgL-1,FALSE,JB,LM,,,2021,
0613-10,9/16/2021,shimadzu,doc,sample,0613-10,6.013,mgL-1,FALSE,JB,LM,,,2021,
0614-10,9/16/2021,shimadzu,doc,sample,0614-10,10.48,mgL-1,FALSE,JB,LM,,,2021,
0615-10,9/16/2021,shimadzu,doc,sample,0615-10,7.862,mgL-1,FALSE,JB,LM,,,2021,
0616-10,9/16/2021,shimadzu,doc,sample,0616-10,8.568,mgL-1,FALSE,JB,LM,,,2021,
0096-10,8/12/2021,shimadzu,doc,sample,9610,5.595,mgL-1,FALSE,JB,SP,,,2021,
0097-10,8/12/2021,shimadzu,doc,sample,9710,5.972,mgL-1,FALSE,JB,SP,,,2021,
0098-10,8/12/2021,shimadzu,doc,sample,9810,5.939,mgL-1,FALSE,JB,SP,,,2021,
0099-10,8/12/2021,shimadzu,doc,sample,9910,3.251,mgL-1,FALSE,JB,SP,,,2021,
0100-10,8/12/2021,shimadzu,doc,sample,10010,3.757,mgL-1,FALSE,JB,SP,,,2021,
0101-10,8/12/2021,shimadzu,doc,sample,10110,7.221,mgL-1,FALSE,JB,SP,,,2021,
0102-10,8/12/2021,shimadzu,doc,sample,10210,7.021,mgL-1,FALSE,JB,SP,,,2021,
0103-10,8/12/2021,shimadzu,doc,sample,10310,7.286,mgL-1,FALSE,JB,SP,,,2021,
0104-10,8/12/2021,shimadzu,doc,sample,10410,5.492,mgL-1,FALSE,JB,SP,,,2021,
0105-10,8/12/2021,shimadzu,doc,sample,10510,3.47,mgL-1,FALSE,JB,SP,,,2021,
0106-10,8/12/2021,shimadzu,doc,sample,10610,6.268,mgL-1,FALSE,JB,SP,,,2021,
0107-10,8/12/2021,shimadzu,doc,sample,10710,3.212,mgL-1,FALSE,JB,SP,,,2021,
0108-10,8/12/2021,shimadzu,doc,sample,10810,6.157,mgL-1,FALSE,JB,SP,,,2021,
0109-10,8/12/2021,shimadzu,doc,sample,10910,3.313,mgL-1,FALSE,JB,SP,,,2021,
0110-10,8/12/2021,shimadzu,doc,sample,11010,3.045,mgL-1,FALSE,JB,SP,,,2021,
0046-02,8/12/2021,lachat,tn,sample,20210728_WHITNEY_046-02_TN,0.538,mgL-1,FALSE,JB,LM,,,2021,
0047-02,8/12/2021,lachat,tn,sample,047-02,0.499,mgL-1,FALSE,JB,LM,,,2021,
0048-02,8/12/2021,lachat,tn,sample,048-02,0.639,mgL-1,FALSE,JB,LM,,,2021,
0049-02,8/12/2021,lachat,tn,sample,049-02,1.32,mgL-1,FALSE,JB,LM,,,2021,
0050-02,8/12/2021,lachat,tn,sample,050-02,1.28,mgL-1,FALSE,JB,LM,,,2021,
0051-02,8/12/2021,lachat,tn,sample,051-02,1.27,mgL-1,FALSE,JB,LM,,,2021,
0052-02,8/12/2021,lachat,tn,sample,052-02,0.63,mgL-1,FALSE,JB,LM,,,2021,
0053-02,8/12/2021,lachat,tn,sample,053-.2,0.648,mgL-1,FALSE,JB,LM,,,2021,
0054-02,8/12/2021,lachat,tn,sample,054-02,0.753,mgL-1,FALSE,JB,LM,,,2021,
0055-02,8/12/2021,lachat,tn,sample,055-02,0.251,mgL-1,FALSE,JB,LM,,,2021,
0056-02,8/12/2021,lachat,tn,sample,056-02,0.551,mgL-1,FALSE,JB,LM,,,2021,
0057-02,8/12/2021,lachat,tn,sample,057-02,0.222,mgL-1,FALSE,JB,LM,,,2021,
0058-02,8/12/2021,lachat,tn,sample,058-02,0.343,mgL-1,FALSE,JB,LM,,,2021,
0059-02,8/12/2021,lachat,tn,sample,059-02,0.352,mgL-1,FALSE,JB,LM,,,2021,
0060-02,8/12/2021,lachat,tn,sample,060-02,0.355,mgL-1,FALSE,JB,LM,,,2021,
0004-01,8/12/2021,lachat,tdn,sample,20210728_WHITNEY_00401_TDN,0.336,mgL-1,FALSE,JB,LM,,,2021,
0005-01,8/12/2021,lachat,tdn,sample,501,0.35,mgL-1,FALSE,JB,LM,,,2021,
0006-01,8/12/2021,lachat,tdn,sample,601,0.363,mgL-1,FALSE,JB,LM,,,2021,
0013-01,8/12/2021,lachat,tdn,sample,1301,1.15,mgL-1,FALSE,JB,LM,,,2021,
0014-01,8/12/2021,lachat,tdn,sample,1401,1.36,mgL-1,FALSE,JB,LM,,,2021,
0015-01,8/12/2021,lachat,tdn,sample,1501,1.12,mgL-1,FALSE,JB,LM,,,2021,
0022-01,8/12/2021,lachat,tdn,sample,2201,0.566,mgL-1,FALSE,JB,LM,,,2021,
0023-01,8/12/2021,lachat,tdn,sample,2301,0.554,mgL-1,FALSE,JB,LM,,,2021,
0024-01,8/12/2021,lachat,tdn,sample,2401,0.591,mgL-1,FALSE,JB,LM,,,2021,
0031-01,8/12/2021,lachat,tdn,sample,3101,0.214,mgL-1,FALSE,JB,LM,,,2021,
0032-01,8/12/2021,lachat,tdn,sample,3201,0.316,mgL-1,FALSE,JB,LM,,,2021,
0033-01,8/12/2021,lachat,tdn,sample,3301,0.179,mgL-1,FALSE,JB,LM,,,2021,
0040-01,8/12/2021,lachat,tdn,sample,4001,0.21,mgL-1,FALSE,JB,LM,,,2021,
0041-01,8/12/2021,lachat,tdn,sample,4101,0.272,mgL-1,FALSE,JB,LM,,,2021,
0042-01,8/12/2021,lachat,tdn,sample,4201,0.195,mgL-1,FALSE,JB,LM,,,2021,
0076-04,8/12/2021,lachat,tp,sample,20210728_WHITNEY_07604_TP,0.0494,mgL-1,FALSE,JB,MM,,,2021,
0077-04,8/12/2021,lachat,tp,sample,7704,0.0514,mgL-1,FALSE,JB,MM,,,2021,
0078-04,8/12/2021,lachat,tp,sample,7804,0.0521,mgL-1,FALSE,JB,MM,,,2021,
0079-04,8/12/2021,lachat,tp,sample,7904,0.21,mgL-1,FALSE,JB,MM,,,2021,
0080-04,8/12/2021,lachat,tp,sample,8004,0.205,mgL-1,FALSE,JB,MM,,,2021,
0081-04,8/12/2021,lachat,tp,sample,8104,0.217,mgL-1,FALSE,JB,MM,,,2021,
0082-15,8/12/2021,lachat,tp,sample,8215,0.0538,mgL-1,FALSE,JB,MM,,,2021,
0083-15,8/12/2021,lachat,tp,sample,8315,0.0536,mgL-1,FALSE,JB,MM,,,2021,
0084-15,8/12/2021,lachat,tp,sample,8415,0.0532,mgL-1,FALSE,JB,MM,,,2021,
0085-15,8/12/2021,lachat,tp,sample,8515,0.00696,mgL-1,FALSE,JB,MM,,,2021,
0086-15,8/12/2021,lachat,tp,sample,8615,0.00571,mgL-1,FALSE,JB,MM,,,2021,
0087-15,8/12/2021,lachat,tp,sample,8715,0.00738,mgL-1,FALSE,JB,MM,,,2021,
0088-15,8/12/2021,lachat,tp,sample,8815,0.00517,mgL-1,FALSE,JB,MM,,,2021,
0089-15,8/12/2021,lachat,tp,sample,8915,0.00422,mgL-1,FALSE,JB,MM,,,2021,
0090-15,8/12/2021,lachat,tp,sample,9015,0.00464,mgL-1,FALSE,JB,MM,,,2021,
0061-03,8/12/2021,lachat,tdp,sample,20210728_WHITNEY_061-03_TDP,0.0149,mgL-1,FALSE,JB,MM,,,2021,
0062-03,8/12/2021,lachat,tdp,sample,062-03,0.0126,mgL-1,FALSE,JB,MM,,,2021,
0063-03,8/12/2021,lachat,tdp,sample,063-03,0.019,mgL-1,FALSE,JB,MM,,,2021,
0064-03,8/12/2021,lachat,tdp,sample,064-03,0.183,mgL-1,FALSE,JB,MM,,,2021,
0065-03,8/12/2021,lachat,tdp,sample,065-03,0.18,mgL-1,FALSE,JB,MM,,,2021,
0066-03,8/12/2021,lachat,tdp,sample,066-03,0.18,mgL-1,FALSE,JB,MM,,,2021,
0067-03,8/12/2021,lachat,tdp,sample,067-03,0.0384,mgL-1,FALSE,JB,MM,,,2021,
0068-03,8/12/2021,lachat,tdp,sample,068-03,0.041,mgL-1,FALSE,JB,MM,,,2021,
0069-03,8/12/2021,lachat,tdp,sample,069-03,0.0433,mgL-1,FALSE,JB,MM,,,2021,
0070-03,8/12/2021,lachat,tdp,sample,070-03,0.00226,mgL-1,FALSE,JB,MM,,,2021,
0071-03,8/12/2021,lachat,tdp,sample,071-03,0.00349,mgL-1,FALSE,JB,MM,,,2021,
0072-03,8/12/2021,lachat,tdp,sample,072-03,0.00595,mgL-1,FALSE,JB,MM,,,2021,
0073-03,8/12/2021,lachat,tdp,sample,073-03,0.00409,mgL-1,FALSE,JB,MM,,,2021,
0074-03,8/12/2021,lachat,tdp,sample,074-03,0.00481,mgL-1,FALSE,JB,MM,,,2021,
0075-03,8/12/2021,lachat,tdp,sample,075-03,0.00171,mgL-1,FALSE,JB,MM,,,2021,
0469-01,8/5/2022,lachat,srp,sample,20220714_FLAME_BON1_0469-01,0.00724,mgL-1,FALSE,JB,LM,,,,
0220-121,8/5/2022,lachat,srp,sample,0220-121,0.00721,mgL-1,FALSE,JB,LM,,,,
0213-12,8/5/2022,lachat,srp,sample,0213-12,0.00812,mgL-1,FALSE,JB,LM,,,,
0218-12,8/5/2022,lachat,srp,sample,BON2_0218-12,0.00495,mgL-1,FALSE,JB,LM,,,,
0211-12,8/5/2022,lachat,srp,sample,0211-12,0.00654,mgL-1,FALSE,JB,LM,,,,
0211-12,8/5/2022,lachat,srp,sample,0211-12,0.00769,mgL-1,TRUE,JB,LM,,,,
0214-12,8/5/2022,lachat,srp,sample,0214-12,0.00753,mgL-1,FALSE,JB,LM,,,,
0221-12,8/5/2022,lachat,srp,sample,BON3_0221-12,0.00386,mgL-1,FALSE,JB,LM,,,,
0470-01,8/5/2022,lachat,srp,sample,0470-01,0.00664,mgL-1,FALSE,JB,LM,,,,
0471-01,8/5/2022,lachat,srp,sample,0471-01,0.00467,mgL-1,FALSE,JB,LM,,,,
0459-01,8/5/2022,lachat,srp,sample,B0N4_0459-01,0.00636,mgL-1,FALSE,JB,LM,,,,
0467-01,8/5/2022,lachat,srp,sample,0467-01,0.00555,mgL-1,FALSE,JB,LM,,,,
0472-01,8/5/2022,lachat,srp,sample,0472-01,0.00437,mgL-1,FALSE,JB,LM,,,,
0212-12,8/5/2022,lachat,srp,sample,BS1_0212-12,0.00575,mgL-1,FALSE,JB,LM,,,,
0465-01,8/5/2022,lachat,srp,sample,0465-01,0.00482,mgL-1,FALSE,JB,LM,,,,
0465-01,8/5/2022,lachat,srp,sample,0465-01,0.00453,mgL-1,TRUE,JB,LM,,,,
0466-01,8/5/2022,lachat,srp,sample,0466-01,0.00539,mgL-1,FALSE,JB,LM,,,,
0209-12,8/5/2022,lachat,srp,sample,BS2_0209-12,0.00656,mgL-1,FALSE,JB,LM,,,,
0463-01,8/5/2022,lachat,srp,sample,0463-01,0.00387,mgL-1,FALSE,JB,LM,,,,
0468-01,8/5/2022,lachat,srp,sample,0468-01,0.00521,mgL-1,FALSE,JB,LM,,,,
04456-01,8/5/2022,lachat,srp,sample,BS3_04456-01,0.00314,mgL-1,FALSE,JB,LM,,,,
0457-01,8/5/2022,lachat,srp,sample,0457-01,0.00415,mgL-1,FALSE,JB,LM,,,,
0217-12,8/5/2022,lachat,srp,sample,0217-12,0.00574,mgL-1,FALSE,JB,LM,,,,
0210-12,8/5/2022,lachat,srp,sample,BS4_0210-12,0.00315,mgL-1,FALSE,JB,LM,,,,
0458-01,8/5/2022,lachat,srp,sample,0458-01,0.00241,mgL-1,FALSE,JB,LM,,,,
0464-01,8/5/2022,lachat,srp,sample,0464-01,0.0034,mgL-1,FALSE,JB,LM,,,,
0462-01,8/5/2022,lachat,srp,sample,BS5_0462-01,0.00361,mgL-1,FALSE,JB,LM,,,,
0462-01,8/5/2022,lachat,srp,sample,BS5_0462-01,0.00338,mgL-1,TRUE,JB,LM,,,,
0216-12,8/5/2022,lachat,srp,sample,0216-12,0.00397,mgL-1,FALSE,JB,LM,,,,
0215-12,8/5/2022,lachat,srp,sample,0215-12,0.00444,mgL-1,FALSE,JB,LM,,,,
0219-121,8/5/2022,lachat,srp,sample,0219-121,0.00471,mgL-1,FALSE,JB,LM,,,,
0460-01,8/5/2022,lachat,srp,sample,0460-01,0.00351,mgL-1,FALSE,JB,LM,,,,
0461-01,8/5/2022,lachat,srp,sample,0461-01,0.00337,mgL-1,FALSE,JB,LM,,,,
0469-01,8/5/2022,lachat,nh4n,sample,20220714_FLAME_BON1_0469-01,0.0943,mgL-1,FALSE,JB,LM,,,,
0220-121,8/5/2022,lachat,nh4n,sample,0220-121,0.0808,mgL-1,FALSE,JB,LM,,,,
0213-12,8/5/2022,lachat,nh4n,sample,0213-12,0.0999,mgL-1,FALSE,JB,LM,,,,
0218-12,8/5/2022,lachat,nh4n,sample,BON2_0218-12,0.0341,mgL-1,FALSE,JB,LM,,,,
0211-12,8/5/2022,lachat,nh4n,sample,0211-12,0.035,mgL-1,FALSE,JB,LM,,,,
0211-12,8/5/2022,lachat,nh4n,sample,0211-12,0.0346,mgL-1,TRUE,JB,LM,,,,
0214-12,8/5/2022,lachat,nh4n,sample,0214-12,0.0363,mgL-1,FALSE,JB,LM,,,,
0221-12,8/5/2022,lachat,nh4n,sample,BON3_0221-12,0.0578,mgL-1,FALSE,JB,LM,,,,
0470-01,8/5/2022,lachat,nh4n,sample,0470-01,0.0662,mgL-1,FALSE,JB,LM,,,,
0471-01,8/5/2022,lachat,nh4n,sample,0471-01,0.0549,mgL-1,FALSE,JB,LM,,,,
0459-01,8/5/2022,lachat,nh4n,sample,B0N4_0459-01,0.0836,mgL-1,FALSE,JB,LM,,,,
0467-01,8/5/2022,lachat,nh4n,sample,0467-01,0.0713,mgL-1,FALSE,JB,LM,,,,
0472-01,8/5/2022,lachat,nh4n,sample,0472-01,0.0799,mgL-1,FALSE,JB,LM,,,,
0212-12,8/5/2022,lachat,nh4n,sample,BS1_0212-12,0.0411,mgL-1,FALSE,JB,LM,,,,
0465-01,8/5/2022,lachat,nh4n,sample,0465-01,0.0441,mgL-1,FALSE,JB,LM,,,,
0465-01,8/5/2022,lachat,nh4n,sample,0465-01,0.0449,mgL-1,TRUE,JB,LM,,,,
0466-01,8/5/2022,lachat,nh4n,sample,0466-01,0.0317,mgL-1,FALSE,JB,LM,,,,
0209-12,8/5/2022,lachat,nh4n,sample,BS2_0209-12,0.0291,mgL-1,FALSE,JB,LM,,,,
0463-01,8/5/2022,lachat,nh4n,sample,0463-01,0.0228,mgL-1,FALSE,JB,LM,,,,
0468-01,8/5/2022,lachat,nh4n,sample,0468-01,0.0162,mgL-1,FALSE,JB,LM,,,,
04456-01,8/5/2022,lachat,nh4n,sample,BS3_04456-01,0.0248,mgL-1,FALSE,JB,LM,,,,
0457-01,8/5/2022,lachat,nh4n,sample,0457-01,0.0257,mgL-1,FALSE,JB,LM,,,,
0217-12,8/5/2022,lachat,nh4n,sample,0217-12,0.0708,mgL-1,FALSE,JB,LM,,,,
0210-12,8/5/2022,lachat,nh4n,sample,BS4_0210-12,0.0583,mgL-1,FALSE,JB,LM,,,,
0458-01,8/5/2022,lachat,nh4n,sample,0458-01,0.0608,mgL-1,FALSE,JB,LM,,,,
0464-01,8/5/2022,lachat,nh4n,sample,0464-01,0.0537,mgL-1,FALSE,JB,LM,,,,
0462-01,8/5/2022,lachat,nh4n,sample,BS5_0462-01,0.0401,mgL-1,FALSE,JB,LM,,,,
0462-01,8/5/2022,lachat,nh4n,sample,BS5_0462-01,0.0405,mgL-1,TRUE,JB,LM,,,,
0216-12,8/5/2022,lachat,nh4n,sample,0216-12,0.0584,mgL-1,FALSE,JB,LM,,,,
0215-12,8/5/2022,lachat,nh4n,sample,0215-12,0.0575,mgL-1,FALSE,JB,LM,,,,
0219-121,8/5/2022,lachat,nh4n,sample,0219-121,0.048,mgL-1,FALSE,JB,LM,,,,
0460-01,8/5/2022,lachat,nh4n,sample,0460-01,0.0467,mgL-1,FALSE,JB,LM,,,,
0461-01,8/5/2022,lachat,nh4n,sample,0461-01,0.0414,mgL-1,FALSE,JB,LM,,,,
0469-01,8/5/2022,lachat,no3n,sample,20220714_FLAME_BON1_0469-01,0.00518,mgL-1,FALSE,JB,LM,,,,
0220-121,8/5/2022,lachat,no3n,sample,0220-121,0.00268,mgL-1,FALSE,JB,LM,,,,
0213-12,8/5/2022,lachat,no3n,sample,0213-12,0.00676,mgL-1,FALSE,JB,LM,,,,
0218-12,8/5/2022,lachat,no3n,sample,BON2_0218-12,0.0198,mgL-1,FALSE,JB,LM,,,,
0211-12,8/5/2022,lachat,no3n,sample,0211-12,0.0226,mgL-1,FALSE,JB,LM,,,,
0211-12,8/5/2022,lachat,no3n,sample,0211-12,0.0216,mgL-1,TRUE,JB,LM,,,,
0214-12,8/5/2022,lachat,no3n,sample,0214-12,0.0311,mgL-1,FALSE,JB,LM,,,,
0221-12,8/5/2022,lachat,no3n,sample,BON3_0221-12,0.0113,mgL-1,FALSE,JB,LM,,,,
0470-01,8/5/2022,lachat,no3n,sample,0470-01,0.00871,mgL-1,FALSE,JB,LM,,,,
0471-01,8/5/2022,lachat,no3n,sample,0471-01,0.0106,mgL-1,FALSE,JB,LM,,,,
0459-01,8/5/2022,lachat,no3n,sample,B0N4_0459-01,0.0161,mgL-1,FALSE,JB,LM,,,,
0467-01,8/5/2022,lachat,no3n,sample,0467-01,0.000262,mgL-1,FALSE,JB,LM,,,,
0472-01,8/5/2022,lachat,no3n,sample,0472-01,0.0148,mgL-1,FALSE,JB,LM,,,,
0212-12,8/5/2022,lachat,no3n,sample,BS1_0212-12,0.00345,mgL-1,FALSE,JB,LM,,,,
0465-01,8/5/2022,lachat,no3n,sample,0465-01,0.00473,mgL-1,FALSE,JB,LM,,,,
0465-01,8/5/2022,lachat,no3n,sample,0465-01,0.00464,mgL-1,TRUE,JB,LM,,,,
0466-01,8/5/2022,lachat,no3n,sample,0466-01,0.0102,mgL-1,FALSE,JB,LM,,,,
0209-12,8/5/2022,lachat,no3n,sample,BS2_0209-12,0.000734,mgL-1,FALSE,JB,LM,,,,
0463-01,8/5/2022,lachat,no3n,sample,0463-01,0.0119,mgL-1,FALSE,JB,LM,,,,
0468-01,8/5/2022,lachat,no3n,sample,0468-01,0.016,mgL-1,FALSE,JB,LM,,,,
04456-01,8/5/2022,lachat,no3n,sample,BS3_04456-01,0.00323,mgL-1,FALSE,JB,LM,,,,
0457-01,8/5/2022,lachat,no3n,sample,0457-01,0.00101,mgL-1,FALSE,JB,LM,,,,
0217-12,8/5/2022,lachat,no3n,sample,0217-12,-0.000214,mgL-1,FALSE,JB,LM,,,,
0210-12,8/5/2022,lachat,no3n,sample,BS4_0210-12,0.002,mgL-1,FALSE,JB,LM,,,,
0458-01,8/5/2022,lachat,no3n,sample,0458-01,0.00363,mgL-1,FALSE,JB,LM,,,,
0464-01,8/5/2022,lachat,no3n,sample,0464-01,0.0063,mgL-1,FALSE,JB,LM,,,,
0462-01,8/5/2022,lachat,no3n,sample,BS5_0462-01,0.00317,mgL-1,FALSE,JB,LM,,,,
0462-01,8/5/2022,lachat,no3n,sample,BS5_0462-01,0.00329,mgL-1,TRUE,JB,LM,,,,
0216-12,8/5/2022,lachat,no3n,sample,0216-12,0.0035,mgL-1,FALSE,JB,LM,,,,
0215-12,8/5/2022,lachat,no3n,sample,0215-12,0.00518,mgL-1,FALSE,JB,LM,,,,
0219-121,8/5/2022,lachat,no3n,sample,0219-121,0.000786,mgL-1,FALSE,JB,LM,,,,
0460-01,8/5/2022,lachat,no3n,sample,0460-01,0.00152,mgL-1,FALSE,JB,LM,,,,
0461-01,8/5/2022,lachat,no3n,sample,0461-01,0.00706,mgL-1,FALSE,JB,LM,,,,
0685-13,8/3/2022,lachat,tn,sample,20220714_FLAME_BON1_0685-13_TN,0.876,mgL-1,FALSE,JB,LM,,,,
0683-13,8/3/2022,lachat,tn,sample,0683-13,1.31,mgL-1,FALSE,JB,LM,,,,
0687-13,8/3/2022,lachat,tn,sample,BON2_0687-13,0.979,mgL-1,FALSE,JB,LM,,,,
0688-13,8/3/2022,lachat,tn,sample,0688-13,1.02,mgL-1,FALSE,JB,LM,,,,
0689-13,8/3/2022,lachat,tn,sample,BON3_0689-13,1.04,mgL-1,FALSE,JB,LM,,,,
0690-13,8/3/2022,lachat,tn,sample,0690-13,0.979,mgL-1,FALSE,JB,LM,,,,
0690-13,8/3/2022,lachat,tn,sample,0690-13,0.981,mgL-1,TRUE,JB,LM,,,,
0693-13,8/3/2022,lachat,tn,sample,BON4_0693-13,0.787,mgL-1,FALSE,JB,LM,,,,
0694-13,8/3/2022,lachat,tn,sample,0694-13,0.746,mgL-1,FALSE,JB,LM,,,,
0665-13,8/3/2022,lachat,tn,sample,20220715_BS1_0665-13,1.1,mgL-1,FALSE,JB,LM,,,,
0666-13,8/3/2022,lachat,tn,sample,0666-13,0.809,mgL-1,FALSE,JB,LM,,,,
0669-13,8/3/2022,lachat,tn,sample,BS2_0669-13,0.944,mgL-1,FALSE,JB,LM,,,,
0670-13,8/3/2022,lachat,tn,sample,0670-13,0.789,mgL-1,FALSE,JB,LM,,,,
0670-13,8/3/2022,lachat,tn,sample,0670-13,0.79,mgL-1,TRUE,JB,LM,,,,
0671-13,8/3/2022,lachat,tn,sample,BS3_0671-13,0.874,mgL-1,FALSE,JB,LM,,,,
0672-13,8/3/2022,lachat,tn,sample,0672-13,0.921,mgL-1,FALSE,JB,LM,,,,
0675-13,8/3/2022,lachat,tn,sample,BS4_0675-13,0.65,mgL-1,FALSE,JB,LM,,,,
0695-13,8/3/2022,lachat,tn,sample,0695-13,0.792,mgL-1,FALSE,JB,LM,,,,
0678-13,8/3/2022,lachat,tn,sample,BS5_0678-13,0.792,mgL-1,FALSE,JB,LM,,,,
0679-13,8/3/2022,lachat,tn,sample,0679-13,0.833,mgL-1,FALSE,JB,LM,,,,
0680-13,8/3/2022,lachat,tn,sample,BS6_0680-13,0.684,mgL-1,FALSE,JB,LM,,,,
0681-13,8/3/2022,lachat,tn,sample,0681-13,0.688,mgL-1,FALSE,JB,LM,,,,
0761-02,8/3/2022,lachat,tn,sample,20220723_FLAME_LW1_0761-02_TN,0.898,mgL-1,FALSE,JB,LM,,,,
0760-02,8/3/2022,lachat,tn,sample,0760-02,0.836,mgL-1,FALSE,JB,LM,,,,
0757-02,8/3/2022,lachat,tn,sample,0757-02,0.935,mgL-1,FALSE,JB,LM,,,,
0750-02,8/3/2022,lachat,tn,sample,LW2_0750-02,0.752,mgL-1,FALSE,JB,LM,,,,
0750-02,8/3/2022,lachat,tn,sample,LW2_0750-02,0.756,mgL-1,TRUE,JB,LM,,,,
0747-02,8/3/2022,lachat,tn,sample,0747-02,0.628,mgL-1,FALSE,JB,LM,,,,
0748-02,8/3/2022,lachat,tn,sample,0748-02,0.776,mgL-1,FALSE,JB,LM,,,,
0758-02,8/3/2022,lachat,tn,sample,LW3_0758-02,0.95,mgL-1,FALSE,JB,LM,,,,
0751-02,8/3/2022,lachat,tn,sample,0751-02,0.736,mgL-1,FALSE,JB,LM,,,,
0759-02,8/3/2022,lachat,tn,sample,0759-02,0.808,mgL-1,FALSE,JB,LM,,,,
0753-02,8/3/2022,lachat,tn,sample,LW4_0753-02,0.785,mgL-1,FALSE,JB,LM,,,,
0755-02,8/3/2022,lachat,tn,sample,0755-02,0.786,mgL-1,FALSE,JB,LM,,,,
0756-02,8/3/2022,lachat,tn,sample,0756-02,0.607,mgL-1,FALSE,JB,LM,,,,
0749-02,8/3/2022,lachat,tn,sample,LW5_0749-02,0.742,mgL-1,FALSE,JB,LM,,,,
0752-02,8/3/2022,lachat,tn,sample,0752-02,0.701,mgL-1,FALSE,JB,LM,,,,
0744-02,8/3/2022,lachat,tn,sample,0744-02,0.764,mgL-1,FALSE,JB,LM,,,,
0744-02,8/3/2022,lachat,tn,sample,0744-02,0.764,mgL-1,TRUE,JB,LM,,,,
0746-02,8/3/2022,lachat,tn,sample,LW6_0746-02,0.713,mgL-1,FALSE,JB,LM,,,,
0745-02,8/3/2022,lachat,tn,sample,0745-02,0.797,mgL-1,FALSE,JB,LM,,,,
0754-02,8/3/2022,lachat,tn,sample,0754-02,0.633,mgL-1,FALSE,JB,LM,,,,
0446-01,8/3/2022,lachat,tdn,sample,20220723_FLAME_LW1_0446-01_TDN,0.52,mgL-1,FALSE,JB,LM,,,,
0440-01,8/3/2022,lachat,tdn,sample,0440-01,0.498,mgL-1,FALSE,JB,LM,,,,
0434-01,8/3/2022,lachat,tdn,sample,0434-01,0.52,mgL-1,FALSE,JB,LM,,,,
0433-01,8/3/2022,lachat,tdn,sample,LW2_0433-01,0.407,mgL-1,FALSE,JB,LM,,,,
0439-01,8/3/2022,lachat,tdn,sample,0439-01,0.424,mgL-1,FALSE,JB,LM,,,,
0445-01,8/3/2022,lachat,tdn,sample,0445-01,0.38,mgL-1,FALSE,JB,LM,,,,
0444-01,8/3/2022,lachat,tdn,sample,LW3_0444-01,0.474,mgL-1,FALSE,JB,LM,,,,
0438-01,8/3/2022,lachat,tdn,sample,0438-01,0.496,mgL-1,FALSE,JB,LM,,,,
0432-01,8/3/2022,lachat,tdn,sample,0432-01,0.468,mgL-1,FALSE,JB,LM,,,,
0437-01,8/3/2022,lachat,tdn,sample,LW4_0437-01,0.785,mgL-1,FALSE,JB,LM,,,,
0443-01,8/3/2022,lachat,tdn,sample,0443-01,0.956,mgL-1,FALSE,JB,LM,,,,
0431-01,8/3/2022,lachat,tdn,sample,0431-01,0.947,mgL-1,FALSE,JB,LM,,,,
0191-12,8/3/2022,lachat,tdn,sample,LW5_0191-12,0.391,mgL-1,FALSE,JB,LM,,,,
0191-12,8/3/2022,lachat,tdn,sample,LW5_0191-12,0.392,mgL-1,TRUE,JB,LM,,,,
0442-01,8/3/2022,lachat,tdn,sample,0442-01,0.367,mgL-1,FALSE,JB,LM,,,,
0436-01,8/3/2022,lachat,tdn,sample,0436-01,0.367,mgL-1,FALSE,JB,LM,,,,
0436-01,8/3/2022,lachat,tdn,sample,0436-01,0.369,mgL-1,TRUE,JB,LM,,,,
0190-12,8/3/2022,lachat,tdn,sample,LW6_0190-12,0.429,mgL-1,FALSE,JB,LM,,,,
0435-01,8/3/2022,lachat,tdn,sample,0435-01,0.387,mgL-1,FALSE,JB,LM,,,,
0441-01,8/3/2022,lachat,tdn,sample,0441-01,0.445,mgL-1,FALSE,JB,LM,,,,
1369-01,10/20/2022,lachat,srp,sample,20221014_FLAME_1369-01,0.0107,mgL-1,FALSE,JB,LM,,,,
1370-01,10/20/2022,lachat,srp,sample,1370-01,0.0116,mgL-1,FALSE,JB,LM,,,,
1370-01,10/20/2022,lachat,srp,sample,1370-01,0.0109,mgL-1,TRUE,JB,LM,,,,
1371-01,10/20/2022,lachat,srp,sample,1371-01,0.0107,mgL-1,FALSE,JB,LM,,,,
1372-01,10/20/2022,lachat,srp,sample,1372-01,0.00943,mgL-1,FALSE,JB,LM,,,,
1373-01,10/20/2022,lachat,srp,sample,1373-01,0.0104,mgL-1,FALSE,JB,LM,,,,
1374-01,10/20/2022,lachat,srp,sample,1374-01,0.00983,mgL-1,FALSE,JB,LM,,,,
1375-01,10/20/2022,lachat,srp,sample,1375-01,0.00831,mgL-1,FALSE,JB,LM,,,,
1376-01,10/20/2022,lachat,srp,sample,1376-01,0.00926,mgL-1,FALSE,JB,LM,,,,
1376-01,10/20/2022,lachat,srp,sample,1376-01,0.00933,mgL-1,TRUE,JB,LM,,,,
1377-01,10/20/2022,lachat,srp,sample,1377-01,0.0084,mgL-1,FALSE,JB,LM,,,,
1378-01,10/20/2022,lachat,srp,sample,1378-01,0.011,mgL-1,FALSE,JB,LM,,,,
1379-01,10/20/2022,lachat,srp,sample,1379-01,0.0088,mgL-1,FALSE,JB,LM,,,,
1380-01,10/20/2022,lachat,srp,sample,1380-01,0.0121,mgL-1,FALSE,JB,LM,,,,
1369-01,10/20/2022,lachat,nh4n,sample,20221014_FLAME_1369-01,0.0222,mgL-1,FALSE,JB,LM,,,,
1370-01,10/20/2022,lachat,nh4n,sample,1370-01,0.0247,mgL-1,FALSE,JB,LM,,,,
1370-01,10/20/2022,lachat,nh4n,sample,1370-01,0.0259,mgL-1,TRUE,JB,LM,,,,
1371-01,10/20/2022,lachat,nh4n,sample,1371-01,0.0222,mgL-1,FALSE,JB,LM,,,,
1372-01,10/20/2022,lachat,nh4n,sample,1372-01,0.0277,mgL-1,FALSE,JB,LM,,,,
1373-01,10/20/2022,lachat,nh4n,sample,1373-01,0.0229,mgL-1,FALSE,JB,LM,,,,
1374-01,10/20/2022,lachat,nh4n,sample,1374-01,0.0227,mgL-1,FALSE,JB,LM,,,,
1375-01,10/20/2022,lachat,nh4n,sample,1375-01,0.0134,mgL-1,FALSE,JB,LM,,,,
1376-01,10/20/2022,lachat,nh4n,sample,1376-01,0.0132,mgL-1,FALSE,JB,LM,,,,
1376-01,10/20/2022,lachat,nh4n,sample,1376-01,0.013,mgL-1,TRUE,JB,LM,,,,
1377-01,10/20/2022,lachat,nh4n,sample,1377-01,0.011,mgL-1,FALSE,JB,LM,,,,
1378-01,10/20/2022,lachat,nh4n,sample,1378-01,0.0256,mgL-1,FALSE,JB,LM,,,,
1379-01,10/20/2022,lachat,nh4n,sample,1379-01,0.0299,mgL-1,FALSE,JB,LM,,,,
1380-01,10/20/2022,lachat,nh4n,sample,1380-01,0.0467,mgL-1,FALSE,JB,LM,,,,
1369-01,10/20/2022,lachat,no3n,sample,20221014_FLAME_1369-01,0.00267,mgL-1,FALSE,JB,LM,,,,
1370-01,10/20/2022,lachat,no3n,sample,1370-01,0.00243,mgL-1,FALSE,JB,LM,,,,
1370-01,10/20/2022,lachat,no3n,sample,1370-01,0.00241,mgL-1,TRUE,JB,LM,,,,
1371-01,10/20/2022,lachat,no3n,sample,1371-01,0.00233,mgL-1,FALSE,JB,LM,,,,
1372-01,10/20/2022,lachat,no3n,sample,1372-01,0.00179,mgL-1,FALSE,JB,LM,,,,
1373-01,10/20/2022,lachat,no3n,sample,1373-01,0.00227,mgL-1,FALSE,JB,LM,,,,
1374-01,10/20/2022,lachat,no3n,sample,1374-01,0.0017,mgL-1,FALSE,JB,LM,,,,
1375-01,10/20/2022,lachat,no3n,sample,1375-01,0.0391,mgL-1,FALSE,JB,LM,,,,
1376-01,10/20/2022,lachat,no3n,sample,1376-01,0.0386,mgL-1,FALSE,JB,LM,,,,
1376-01,10/20/2022,lachat,no3n,sample,1376-01,0.0391,mgL-1,TRUE,JB,LM,,,,
1377-01,10/20/2022,lachat,no3n,sample,1377-01,0.0383,mgL-1,FALSE,JB,LM,,,,
1378-01,10/20/2022,lachat,no3n,sample,1378-01,0.0024,mgL-1,FALSE,JB,LM,,,,
1379-01,10/20/2022,lachat,no3n,sample,1379-01,0.103,mgL-1,FALSE,JB,LM,,,,
1380-01,10/20/2022,lachat,no3n,sample,1380-01,0.114,mgL-1,FALSE,JB,LM,,,,
0309-15,7/4/2022,lachat,tp,sample,20220623_LWF_030915,0.0792,mgL-1,FALSE,JM,LM,,,,
0309-15,7/4/2022,lachat,tp,sample,20220623_LWF_030915,0.0791,mgL-1,TRUE,JM,LM,,,,
0316-15,7/4/2022,lachat,tp,sample,31615,0.0828,mgL-1,FALSE,JM,LM,,,,
0310-15,7/4/2022,lachat,tp,sample,31015,0.0617,mgL-1,FALSE,JM,LM,,,,
0312-15,7/4/2022,lachat,tp,sample,31215,0.0647,mgL-1,FALSE,JM,LM,,,,
0311-15,7/4/2022,lachat,tp,sample,31115,0.0403,mgL-1,FALSE,JM,LM,,,,
0313-15,7/4/2022,lachat,tp,sample,31315,0.0378,mgL-1,FALSE,JM,LM,,,,
0317-15,7/4/2022,lachat,tp,sample,31715,0.0385,mgL-1,FALSE,JM,LM,,,,
0547-15,7/4/2022,lachat,tp,sample,54715,0.0386,mgL-1,FALSE,JM,LM,,,,
0547-15,7/4/2022,lachat,tp,sample,54715,0.0396,mgL-1,TRUE,JM,LM,,,,
0308-15,7/4/2022,lachat,tp,sample,30815,0.0317,mgL-1,FALSE,JM,LM,,,,
0314-15,7/4/2022,lachat,tp,sample,31415,0.0312,mgL-1,FALSE,JM,LM,,,,
0307-15,7/4/2022,lachat,tp,sample,30715,0.05,mgL-1,FALSE,JM,LM,,,,
0315-15,7/4/2022,lachat,tp,sample,31515,0.0509,mgL-1,FALSE,JM,LM,,,,
0291-15,12/3/2021,lachat,tp,sample,20210804_0291-15,0.112,mgL-1,FALSE,JB,LM,,,,
0292-15,12/3/2021,lachat,tp,sample,0292-15,0.118,mgL-1,FALSE,JB,LM,,,,
0293-15,12/3/2021,lachat,tp,sample,0293-15,0.122,mgL-1,FALSE,JB,LM,,,,
0288-15,12/3/2021,lachat,tp,sample,0288-15,0.124,mgL-1,FALSE,JB,LM,,,,
0289-15,12/3/2021,lachat,tp,sample,0289-15,0.112,mgL-1,FALSE,JB,LM,,,,
0290-15,12/3/2021,lachat,tp,sample,0290-15,0.111,mgL-1,FALSE,JB,LM,,,,
0290-15,12/3/2021,lachat,tp,sample,0290-15,0.112,mgL-1,TRUE,JB,LM,,,,
0294-15,12/3/2021,lachat,tp,sample,20210812_POW_TP_0294-15,0.11,mgL-1,FALSE,JB,LM,,,,
0295-15,12/3/2021,lachat,tp,sample,0295-15,0.133,mgL-1,FALSE,JB,LM,,,,
0296-15,12/3/2021,lachat,tp,sample,0296-15,0.114,mgL-1,FALSE,JB,LM,,,,
0300-15,12/3/2021,lachat,tp,sample,0300-15,0.122,mgL-1,FALSE,JB,LM,,,,
0301-15,12/3/2021,lachat,tp,sample,0301-15,0.124,mgL-1,FALSE,JB,LM,,,,
0301-15,12/3/2021,lachat,tp,sample,0301-15,0.124,mgL-1,TRUE,JB,LM,,,,
0302-15,12/3/2021,lachat,tp,sample,0302-15,0.128,mgL-1,FALSE,JB,LM,,,,
BLANK,12/3/2021,lachat,tp,sample,20210804_BLANK,-0.00386,mgL-1,FALSE,JB,LM,,,,
BLANK,12/3/2021,lachat,tp,sample,20210812_BLANK,-0.00285,mgL-1,FALSE,JB,LM,,,,
0543-04,12/3/2021,lachat,tp,sample,20210820_0543-04,0.338,mgL-1,FALSE,JB,LM,,,,
BLANK,12/3/2021,lachat,tp,sample,BLANK,-0.00403,mgL-1,FALSE,JB,LM,,,,
0259-14,12/3/2021,lachat,tdp,sample,20210804_TDP_259-14,0.0267,mgL-1,FALSE,JB,LM,,,,
0260-14,12/3/2021,lachat,tdp,sample,260-14,0.025,mgL-1,FALSE,JB,LM,,,,
0256-14,12/3/2021,lachat,tdp,sample,256-14,0.0774,mgL-1,FALSE,JB,LM,,,,
0257-14,12/3/2021,lachat,tdp,sample,257-14,0.0829,mgL-1,FALSE,JB,LM,,,,
0257-14,12/3/2021,lachat,tdp,sample,257-14,0.0834,mgL-1,TRUE,JB,LM,,,,
0258-14,12/3/2021,lachat,tdp,sample,258-14,0.0785,mgL-1,FALSE,JB,LM,,,,
0261-14,12/3/2021,lachat,tdp,sample,20210812_261-14,0.0591,mgL-1,FALSE,JB,LM,,,,
0262-14,12/3/2021,lachat,tdp,sample,262-14,0.0407,mgL-1,FALSE,JB,LM,,,,
0263-14,12/3/2021,lachat,tdp,sample,263-14,0.0513,mgL-1,FALSE,JB,LM,,,,
0267-14,12/3/2021,lachat,tdp,sample,267-14,0.0948,mgL-1,FALSE,JB,LM,,,,
0268-14,12/3/2021,lachat,tdp,sample,268-14,0.0964,mgL-1,FALSE,JB,LM,,,,
0269-14,12/3/2021,lachat,tdp,sample,269-14,0.0878,mgL-1,FALSE,JB,LM,,,,
0269-14,12/3/2021,lachat,tdp,sample,269-14,0.0876,mgL-1,TRUE,JB,LM,,,,
0172-12,7/1/2022,lachat,srp,sample,20220623_LWF_017212,0.00911,mgL-1,FALSE,JB,LM,,,,
0173-12,7/1/2022,lachat,srp,sample,17312,0.00839,mgL-1,FALSE,JB,LM,,,,
0174-12,7/1/2022,lachat,srp,sample,17412,0.00805,mgL-1,FALSE,JB,LM,,,,
0175-12,7/1/2022,lachat,srp,sample,17512,0.00745,mgL-1,FALSE,JB,LM,,,,
0176-12,7/1/2022,lachat,srp,sample,17612,0.00698,mgL-1,FALSE,JB,LM,,,,
0176-12,7/1/2022,lachat,srp,sample,17612,0.00793,mgL-1,TRUE,JB,LM,,,,
0177-12,7/1/2022,lachat,srp,sample,17712,0.00666,mgL-1,FALSE,JB,LM,,,,
0178-12,7/1/2022,lachat,srp,sample,17812,0.00668,mgL-1,FALSE,JB,LM,,,,
0179-12,7/1/2022,lachat,srp,sample,17912,0.00586,mgL-1,FALSE,JB,LM,,,,
0180-12,7/1/2022,lachat,srp,sample,18012,0.00631,mgL-1,FALSE,JB,LM,,,,
0181-12,7/1/2022,lachat,srp,sample,18112,0.00711,mgL-1,FALSE,JB,LM,,,,
0182-12,7/1/2022,lachat,srp,sample,18212,0.00664,mgL-1,FALSE,JB,LM,,,,
0182-12,7/1/2022,lachat,srp,sample,18212,0.00659,mgL-1,TRUE,JB,LM,,,,
0183-12,7/1/2022,lachat,srp,sample,18312,0.00757,mgL-1,FALSE,JB,LM,,,,
0183-12,7/1/2022,lachat,srp,sample,18312,0.00782,mgL-1,TRUE,JB,LM,,,,
0184-12,7/1/2022,lachat,srp,sample,18412,0.00794,mgL-1,FALSE,JB,LM,,,,
0185-12,7/1/2022,lachat,srp,sample,18512,0.00735,mgL-1,FALSE,JB,LM,,,,
0186-12,7/1/2022,lachat,srp,sample,18612,0.0079,mgL-1,FALSE,JB,LM,,,,
0187-12,7/1/2022,lachat,srp,sample,18712,0.00853,mgL-1,FALSE,JB,LM,,,,
0188-12,7/1/2022,lachat,srp,sample,18812,0.00817,mgL-1,FALSE,JB,LM,,,,
0189-12,7/1/2022,lachat,srp,sample,18912,0.00809,mgL-1,FALSE,JB,LM,,,,
0423-01,7/1/2022,lachat,srp,sample,20220615_042301,0.00966,mgL-1,FALSE,JB,LM,,,,
0423-01,7/1/2022,lachat,srp,sample,20220615_042301,0.00785,mgL-1,TRUE,JB,LM,,,,
0424-01,7/1/2022,lachat,srp,sample,42401,0.00967,mgL-1,FALSE,JB,LM,,,,
0425-01,7/1/2022,lachat,srp,sample,42501,0.00865,mgL-1,FALSE,JB,LM,,,,
0419-01,7/1/2022,lachat,srp,sample,41901,0.01,mgL-1,FALSE,JB,LM,,,,
0422-01,7/1/2022,lachat,srp,sample,42201,0.00896,mgL-1,FALSE,JB,LM,,,,
0417-01,7/1/2022,lachat,srp,sample,41701,0.00918,mgL-1,FALSE,JB,LM,,,,
0172-12,7/1/2022,lachat,nh4n,sample,20220623_LWF_017212,0.0233,mgL-1,FALSE,JB,LM,,,,
0173-12,7/1/2022,lachat,nh4n,sample,17312,0.0159,mgL-1,FALSE,JB,LM,,,,
0174-12,7/1/2022,lachat,nh4n,sample,17412,0.0216,mgL-1,FALSE,JB,LM,,,,
0175-12,7/1/2022,lachat,nh4n,sample,17512,0.0164,mgL-1,FALSE,JB,LM,,,,
0176-12,7/1/2022,lachat,nh4n,sample,17612,0.0187,mgL-1,FALSE,JB,LM,,,,
0176-12,7/1/2022,lachat,nh4n,sample,17612,0.0184,mgL-1,TRUE,JB,LM,,,,
0177-12,7/1/2022,lachat,nh4n,sample,17712,0.0188,mgL-1,FALSE,JB,LM,,,,
0178-12,7/1/2022,lachat,nh4n,sample,17812,0.014,mgL-1,FALSE,JB,LM,,,,
0179-12,7/1/2022,lachat,nh4n,sample,17912,0.0126,mgL-1,FALSE,JB,LM,,,,
0180-12,7/1/2022,lachat,nh4n,sample,18012,0.0162,mgL-1,FALSE,JB,LM,,,,
0181-12,7/1/2022,lachat,nh4n,sample,18112,0.0128,mgL-1,FALSE,JB,LM,,,,
0182-12,7/1/2022,lachat,nh4n,sample,18212,0.0132,mgL-1,FALSE,JB,LM,,,,
0182-12,7/1/2022,lachat,nh4n,sample,18212,0.0123,mgL-1,TRUE,JB,LM,,,,
0183-12,7/1/2022,lachat,nh4n,sample,18312,0.0106,mgL-1,FALSE,JB,LM,,,,
0183-12,7/1/2022,lachat,nh4n,sample,18312,0.0118,mgL-1,TRUE,JB,LM,,,,
0184-12,7/1/2022,lachat,nh4n,sample,18412,0.0216,mgL-1,FALSE,JB,LM,,,,
0185-12,7/1/2022,lachat,nh4n,sample,18512,0.0212,mgL-1,FALSE,JB,LM,,,,
0186-12,7/1/2022,lachat,nh4n,sample,18612,0.0196,mgL-1,FALSE,JB,LM,,,,
0187-12,7/1/2022,lachat,nh4n,sample,18712,0.0187,mgL-1,FALSE,JB,LM,,,,
0188-12,7/1/2022,lachat,nh4n,sample,18812,0.0181,mgL-1,FALSE,JB,LM,,,,
0189-12,7/1/2022,lachat,nh4n,sample,18912,0.0208,mgL-1,FALSE,JB,LM,,,,
0423-01,7/1/2022,lachat,nh4n,sample,20220615_042301,0.00798,mgL-1,FALSE,JB,LM,,,,
0423-01,7/1/2022,lachat,nh4n,sample,20220615_042301,0.00775,mgL-1,TRUE,JB,LM,,,,
0424-01,7/1/2022,lachat,nh4n,sample,42401,0.00675,mgL-1,FALSE,JB,LM,,,,
0425-01,7/1/2022,lachat,nh4n,sample,42501,0.00796,mgL-1,FALSE,JB,LM,,,,
0419-01,7/1/2022,lachat,nh4n,sample,41901,0.00763,mgL-1,FALSE,JB,LM,,,,
0422-01,7/1/2022,lachat,nh4n,sample,42201,0.00797,mgL-1,FALSE,JB,LM,,,,
0417-01,7/1/2022,lachat,nh4n,sample,41701,0.0116,mgL-1,FALSE,JB,LM,,,,
0172-12,7/1/2022,lachat,no3n,sample,20220623_LWF_017212,-0.00268,mgL-1,FALSE,JB,LM,,,,
0173-12,7/1/2022,lachat,no3n,sample,17312,-0.0045,mgL-1,FALSE,JB,LM,,,,
0174-12,7/1/2022,lachat,no3n,sample,17412,-0.00226,mgL-1,FALSE,JB,LM,,,,
0175-12,7/1/2022,lachat,no3n,sample,17512,-0.00435,mgL-1,FALSE,JB,LM,,,,
0176-12,7/1/2022,lachat,no3n,sample,17612,-0.00371,mgL-1,FALSE,JB,LM,,,,
0176-12,7/1/2022,lachat,no3n,sample,17612,-0.00376,mgL-1,TRUE,JB,LM,,,,
0177-12,7/1/2022,lachat,no3n,sample,17712,-0.00426,mgL-1,FALSE,JB,LM,,,,
0178-12,7/1/2022,lachat,no3n,sample,17812,-0.0022,mgL-1,FALSE,JB,LM,,,,
0179-12,7/1/2022,lachat,no3n,sample,17912,-0.00208,mgL-1,FALSE,JB,LM,,,,
0180-12,7/1/2022,lachat,no3n,sample,18012,-0.00243,mgL-1,FALSE,JB,LM,,,,
0181-12,7/1/2022,lachat,no3n,sample,18112,-0.00361,mgL-1,FALSE,JB,LM,,,,
0182-12,7/1/2022,lachat,no3n,sample,18212,-0.00336,mgL-1,FALSE,JB,LM,,,,
0182-12,7/1/2022,lachat,no3n,sample,18212,-0.00335,mgL-1,TRUE,JB,LM,,,,
0183-12,7/1/2022,lachat,no3n,sample,18312,-0.00339,mgL-1,FALSE,JB,LM,,,,
0183-12,7/1/2022,lachat,no3n,sample,18312,-0.0034,mgL-1,TRUE,JB,LM,,,,
0184-12,7/1/2022,lachat,no3n,sample,18412,-0.0028,mgL-1,FALSE,JB,LM,,,,
0185-12,7/1/2022,lachat,no3n,sample,18512,-0.00297,mgL-1,FALSE,JB,LM,,,,
0186-12,7/1/2022,lachat,no3n,sample,18612,-0.00224,mgL-1,FALSE,JB,LM,,,,
0187-12,7/1/2022,lachat,no3n,sample,18712,-0.00292,mgL-1,FALSE,JB,LM,,,,
0188-12,7/1/2022,lachat,no3n,sample,18812,-0.00276,mgL-1,FALSE,JB,LM,,,,
0189-12,7/1/2022,lachat,no3n,sample,18912,-0.00315,mgL-1,FALSE,JB,LM,,,,
0423-01,7/1/2022,lachat,no3n,sample,20220615_042301,-0.00304,mgL-1,FALSE,JB,LM,,,,
0423-01,7/1/2022,lachat,no3n,sample,20220615_042301,-0.0027,mgL-1,TRUE,JB,LM,,,,
0424-01,7/1/2022,lachat,no3n,sample,42401,-0.00428,mgL-1,FALSE,JB,LM,,,,
0425-01,7/1/2022,lachat,no3n,sample,42501,-0.00358,mgL-1,FALSE,JB,LM,,,,
0419-01,7/1/2022,lachat,no3n,sample,41901,-0.00582,mgL-1,FALSE,JB,LM,,,,
0422-01,7/1/2022,lachat,no3n,sample,42201,-0.00459,mgL-1,FALSE,JB,LM,,,,
0417-01,7/1/2022,lachat,no3n,sample,41701,-0.00188,mgL-1,FALSE,JB,LM,,,,
0351-09,8/24/2021,turbidimeter,turbidity,sample,0351-09,44,NTU,F,MM,MM,,,,
0357-09,8/24/2021,turbidimeter,turbidity,sample,0357-09,12.1,NTU,F,MM,MM,,,,
0360-09,8/24/2021,turbidimeter,turbidity,sample,0360-09,7.54,NTU,F,MM,MM,,,,
0361-09,8/24/2021,turbidimeter,turbidity,sample,0361-09,28.9,NTU,F,MM,MM,,,,
0607-09,9/3/2021,turbidimeter,turbidity,sample,0607-09,6.4,NTU,F,MM,MM,,,,
0608-09,9/3/2021,turbidimeter,turbidity,sample,0608-09,27.9,NTU,F,MM,MM,,,,
0609-09,9/3/2021,turbidimeter,turbidity,sample,0609-09,8.65,NTU,F,MM,MM,,,,
0610-09,9/3/2021,turbidimeter,turbidity,sample,0610-09,5.85,NTU,F,MM,MM,,,,
0611-09,9/3/2021,turbidimeter,turbidity,sample,0611-09,4.78,NTU,F,MM,MM,,,,
0617-16,6/24/2022,turbidimeter,turbidity,sample,0617-16,23.6,NTU,F,MM,MM,,,,
0618-16,6/24/2022,turbidimeter,turbidity,sample,0618-16,18.1,NTU,F,MM,MM,,,,
0619-16,6/24/2022,turbidimeter,turbidity,sample,0619-16,5.98,NTU,F,MM,MM,,,,
0620-16,6/24/2022,turbidimeter,turbidity,sample,0620-16,5.42,NTU,F,MM,MM,,,,
0621-16,6/24/2022,turbidimeter,turbidity,sample,0621-16,4.97,NTU,F,MM,MM,,,,
0622-16,6/24/2022,turbidimeter,turbidity,sample,0622-16,10.06,NTU,F,MM,MM,,,,
0623-16,7/14/2022,turbidimeter,turbidity,sample,0623-16,7.8,NTU,F,MM,MM,,,,
0624-16,7/14/2022,turbidimeter,turbidity,sample,0624-16,7.4,NTU,F,MM,MM,,,,
0625-16,7/14/2022,turbidimeter,turbidity,sample,0625-16,6.06,NTU,F,MM,MM,,,,
0626-16,7/14/2022,turbidimeter,turbidity,sample,0626-16,5.38,NTU,F,MM,MM,,,,
0627-16,7/15/2022,turbidimeter,turbidity,sample,0627-16,8.6,NTU,F,MM,MM,,,,
0628-16,7/15/2022,turbidimeter,turbidity,sample,0628-16,5.21,NTU,F,MM,MM,,,,
0629-16,7/15/2022,turbidimeter,turbidity,sample,0629-16,6.8,NTU,F,MM,MM,,,,
0630-16,7/15/2022,turbidimeter,turbidity,sample,0630-16,6.15,NTU,F,MM,MM,,,,
0631-16,7/15/2022,turbidimeter,turbidity,sample,0631-16,6.5,NTU,F,MM,MM,,,,
0632-16,7/15/2022,turbidimeter,turbidity,sample,0632-16,5.17,NTU,F,MM,MM,,,,
0651-16,7/23/2022,turbidimeter,turbidity,sample,0651-16,20,NTU,F,MM,MM,,,,
0585-16,7/23/2022,turbidimeter,turbidity,sample,0585-16,15.5,NTU,F,MM,MM,,,,
0652-16,7/23/2022,turbidimeter,turbidity,sample,0652-16,14.3,NTU,F,MM,MM,,,,
0582-16,7/23/2022,turbidimeter,turbidity,sample,0582-16,6.54,NTU,F,MM,MM,,,,
0584-16,7/23/2022,turbidimeter,turbidity,sample,0584-16,6.62,NTU,F,MM,MM,,,,
0583-16,7/23/2022,turbidimeter,turbidity,sample,0583-16,7.86,NTU,F,MM,MM,,,,
1190-16,8/12/2022,turbidimeter,turbidity,sample,1190-16,15.6,NTU,F,MM,MM,,,,
1191-16,8/12/2022,turbidimeter,turbidity,sample,1191-16,67.3,NTU,F,MM,MM,,,,
1188-16,8/12/2022,turbidimeter,turbidity,sample,1188-16,11.8,NTU,F,MM,MM,,,,
1194-16,8/12/2022,turbidimeter,turbidity,sample,1194-16,27.2,NTU,F,MM,MM,,,,
1193-16,8/12/2022,turbidimeter,turbidity,sample,1193-16,33.8,NTU,F,MM,MM,,,,
1197-16,8/6/2022,turbidimeter,turbidity,sample,1197-16,14.4,NTU,F,MM,MM,,,,
1199-16,8/6/2022,turbidimeter,turbidity,sample,1199-16,5.42,NTU,F,MM,MM,,,,
1188-16,8/6/2022,turbidimeter,turbidity,sample,1188-16,2.66,NTU,F,MM,MM,,,,
1183-16,8/6/2022,turbidimeter,turbidity,sample,1183-16,12.6,NTU,F,MM,MM,,,,
1192-16,8/7/2022,turbidimeter,turbidity,sample,1192-16,2.55,NTU,F,MM,MM,,,,
1184-16,8/7/2022,turbidimeter,turbidity,sample,1184-16,2.36,NTU,F,MM,MM,,,,
1198-16,8/7/2022,turbidimeter,turbidity,sample,1198-16,1.13,NTU,F,MM,MM,,,,
1185-16,8/7/2022,turbidimeter,turbidity,sample,1185-16,2.78,NTU,F,MM,MM,,,,
1189-16,8/8/2022,turbidimeter,turbidity,sample,1189-16,3.57,NTU,F,MM,MM,,,,
1186-16,8/8/2022,turbidimeter,turbidity,sample,1186-16,16.6,NTU,F,MM,MM,,,,
1196-16,8/8/2022,turbidimeter,turbidity,sample,1196-16,11.4,NTU,F,MM,MM,,,,
1187-16,8/8/2022,turbidimeter,turbidity,sample,1187-16,4.99,NTU,F,MM,MM,,,,
1204-16,8/8/2022,turbidimeter,turbidity,sample,1204-16,4.33,NTU,F,MM,MM,,,,
1182-16,8/8/2022,turbidimeter,turbidity,sample,1182-16,3.36,NTU,F,MM,MM,,,,
1206-16,9/16/2022,turbidimeter,turbidity,sample,1206-16,14.5,NTU,F,MM,MM,,,,
1203-16,9/16/2022,turbidimeter,turbidity,sample,1203-16,14.8,NTU,F,MM,MM,,,,
1201-16,9/16/2022,turbidimeter,turbidity,sample,1201-16,9.18,NTU,F,MM,MM,,,,
1205-16,10/14/2022,turbidimeter,turbidity,sample,1205-16,20.4,NTU,F,MM,MM,,,,
1209-16,10/14/2022,turbidimeter,turbidity,sample,1209-16,21.3,NTU,F,MM,MM,,,,
1207-16,10/14/2022,turbidimeter,turbidity,sample,1207-16,8.19,NTU,F,MM,MM,,,,
1210-16,10/14/2022,turbidimeter,turbidity,sample,1210-16,7.08,NTU,F,MM,MM,,,,
0617-16,6/24/2022,,tss,sample,0617-16,22.5,mg/L,F,MM,MM,,,,
0617-16,6/24/2022,,afdm,sample,0617-16,11,mg/L,F,MM,MM,,,,
0618-16,6/24/2022,,tss,sample,0618-16,18.5,mg/L,F,MM,MM,,,,
0618-16,6/24/2022,,afdm,sample,0618-16,3.5,mg/L,F,MM,MM,,,,
0619-16,6/24/2022,,tss,sample,0619-16,7,mg/L,F,MM,MM,,,,
0619-16,6/24/2022,,afdm,sample,0619-16,4,mg/L,F,MM,MM,,,,
0620-16,6/24/2022,,tss,sample,0620-16,6.5,mg/L,F,MM,MM,,,,
0620-16,6/24/2022,,afdm,sample,0620-16,3.5,mg/L,F,MM,MM,,,,
0621-16,6/24/2022,,tss,sample,0621-16,5,mg/L,F,MM,MM,,,,
0621-16,6/24/2022,,afdm,sample,0621-16,2,mg/L,F,MM,MM,,,,
0622-16,6/24/2022,,tss,sample,0622-16,8.5,mg/L,F,MM,MM,,,,
0622-16,6/24/2022,,afdm,sample,0622-16,3,mg/L,F,MM,MM,,,,
0623-16,7/14/2022,,tss,sample,0623-16,10.29,mg/L,F,MM,MM,,,,
0623-16,7/14/2022,,afdm,sample,0623-16,8.57,mg/L,F,MM,MM,,,,
0624-16,7/14/2022,,tss,sample,0624-16,8.86,mg/L,F,MM,MM,,,,
0624-16,7/14/2022,,afdm,sample,0624-16,8.57,mg/L,F,MM,MM,,,,
0625-16,7/14/2022,,tss,sample,0625-16,7.71,mg/L,F,MM,MM,,,,
0625-16,7/14/2022,,afdm,sample,0625-16,7.71,mg/L,F,MM,MM,,,,
0626-16,7/14/2022,,tss,sample,0626-16,7.07,mg/L,F,MM,MM,,,,
0626-16,7/14/2022,,afdm,sample,0626-16,7.58,mg/L,F,MM,MM,,,,
0627-16,7/15/2022,,tss,sample,0627-16,10.5,mg/L,F,MM,MM,,,,
0627-16,7/15/2022,,afdm,sample,0627-16,11,mg/L,F,MM,MM,,,,
0628-16,7/15/2022,,tss,sample,0628-16,6.47,mg/L,F,MM,MM,,,,
0628-16,7/15/2022,,afdm,sample,0628-16,6.47,mg/L,F,MM,MM,,,,
0629-16,7/15/2022,,tss,sample,0629-16,8.91,mg/L,F,MM,MM,,,,
0629-16,7/15/2022,,afdm,sample,0629-16,6.44,mg/L,F,MM,MM,,,,
0630-16,7/15/2022,,tss,sample,0630-16,7.61,mg/L,F,MM,MM,,,,
0630-16,7/15/2022,,afdm,sample,0630-16,4.06,mg/L,F,MM,MM,,,,
0631-16,7/15/2022,,tss,sample,0631-16,8.04,mg/L,F,MM,MM,,,,
0631-16,7/15/2022,,afdm,sample,0631-16,6.03,mg/L,F,MM,MM,,,,
0632-16,7/15/2022,,tss,sample,0632-16,6.97,mg/L,F,MM,MM,,,,
0632-16,7/15/2022,,afdm,sample,0632-16,8.46,mg/L,F,MM,MM,,,,
0651-16,7/23/2022,,tss,sample,0651-16,21.3,mg/L,F,MM,MM,,,,
0651-16,7/23/2022,,afdm,sample,0651-16,12.67,mg/L,F,MM,MM,,,,
0585-16,7/23/2022,,tss,sample,0585-16,17.28,mg/L,F,MM,MM,,,,
0585-16,7/23/2022,,afdm,sample,0585-16,11.96,mg/L,F,MM,MM,,,,
0652-16,7/23/2022,,tss,sample,0652-16,17.3,mg/L,F,MM,MM,,,,
0652-16,7/23/2022,,afdm,sample,0652-16,12.67,mg/L,F,MM,MM,,,,
0582-16,7/23/2022,,tss,sample,0582-16,9.3,mg/L,F,MM,MM,,,,
0582-16,7/23/2022,,afdm,sample,0582-16,12,mg/L,F,MM,MM,,,,
0584-16,7/23/2022,,tss,sample,0584-16,8,mg/L,F,MM,MM,,,,
0584-16,7/23/2022,,afdm,sample,0584-16,10.67,mg/L,F,MM,MM,,,,
0583-16,7/23/2022,,tss,sample,0583-16,10.67,mg/L,F,MM,MM,,,,
0583-16,7/23/2022,,afdm,sample,0583-16,10,mg/L,F,MM,MM,,,,
1190-16,8/12/2022,,tss,sample,1190-16,15.5,mg/L,F,MM,MM,,,,
1190-16,8/12/2022,,afdm,sample,1190-16,6.5,mg/L,F,MM,MM,,,,
1191-16,8/12/2022,,tss,sample,1191-16,34.5,mg/L,F,MM,MM,,,,
1191-16,8/12/2022,,afdm,sample,1191-16,8.5,mg/L,F,MM,MM,,,,
1188-16,8/12/2022,,tss,sample,1188-16,9,mg/L,F,MM,MM,,,,
1188-16,8/12/2022,,afdm,sample,1188-16,4,mg/L,F,MM,MM,,,,
1194-16,8/12/2022,,tss,sample,1194-16,18.5,mg/L,F,MM,MM,,,,
1194-16,8/12/2022,,afdm,sample,1194-16,3.5,mg/L,F,MM,MM,,,,
1193-16,8/12/2022,,tss,sample,1193-16,25,mg/L,F,MM,MM,,,,
1193-16,8/12/2022,,afdm,sample,1193-16,5.5,mg/L,F,MM,MM,,,,
1197-16,8/6/2022,,tss,sample,1193-16,20.3,mg/L,F,MM,MM,,,,
1197-16,8/6/2022,,afdm,sample,1197-16,6.3,mg/L,F,MM,MM,,,,
1199-16,8/6/2022,,tss,sample,1199-16,-2.3,mg/L,F,MM,MM,,,,
1199-16,8/6/2022,,afdm,sample,1199-16,6.3,mg/L,F,MM,MM,,,,
1188-16,8/6/2022,,tss,sample,1188-16,1.3,mg/L,F,MM,MM,,,,
1188-16,8/6/2022,,afdm,sample,1188-16,1.3,mg/L,F,MM,MM,,,,
1183-16,8/6/2022,,tss,sample,1183-16,9.3,mg/L,F,MM,MM,,,,
1183-16,8/6/2022,,afdm,sample,1183-16,3,mg/L,F,MM,MM,,,,
1189-16,8/8/2022,,tss,sample,1189-16,13.5,mg/L,F,MM,MM,,,,
1189-16,8/8/2022,,afdm,sample,1189-16,7.5,mg/L,F,MM,MM,,,,
1186-16,8/8/2022,,tss,sample,1186-16,14.75,mg/L,F,MM,MM,,,,
1186-16,8/8/2022,,afdm,sample,1186-16,8.75,mg/L,F,MM,MM,,,,
1196-16,8/8/2022,,tss,sample,1196-16,21.25,mg/L,F,MM,MM,,,,
1196-16,8/8/2022,,afdm,sample,1196-16,11.25,mg/L,F,MM,MM,,,,
1187-16,8/8/2022,,tss,sample,1187-16,12.5,mg/L,F,MM,MM,,,,
1187-16,8/8/2022,,afdm,sample,1187-16,7.25,mg/L,F,MM,MM,,,,
1204-16,8/8/2022,,tss,sample,1204-16,5.25,mg/L,F,MM,MM,,,,
1204-16,8/8/2022,,afdm,sample,1204-16,3.75,mg/L,F,MM,MM,,,,
1182-16,8/8/2022,,tss,sample,1182-16,4.5,mg/L,F,MM,MM,,,,
1182-16,8/8/2022,,afdm,sample,1182-16,5.5,mg/L,F,MM,MM,,,,
1205-16,10/14/2022,,tss,sample,1205-16,20.68,mg/L,F,MM,MM,,,,
1205-16,10/14/2022,,afdm,sample,1205-16,10.97,mg/L,F,MM,MM,,,,
1209-16,10/14/2022,,tss,sample,1209-16,22.7,mg/L,F,MM,MM,,,,
1209-16,10/14/2022,,afdm,sample,1209-16,13.5,mg/L,F,MM,MM,,,,
1207-16,10/14/2022,,tss,sample,1207-16,9.22,mg/L,F,MM,MM,,,,
1207-16,10/14/2022,,afdm,sample,1207-16,7.37,mg/L,F,MM,MM,,,,
1210-16,10/14/2022,,tss,sample,1210-16,7.03,mg/L,F,MM,MM,,,,
1210-16,10/14/2022,,afdm,sample,1210-16,7.57,mg/L,F,MM,MM,,,,
0617-00,6/24/2022,ysi conductivity probe,conductivity,point,0617-00,143,uS,F,MM,MM,,,,
0618-00,6/24/2022,ysi conductivity probe,conductivity,point,0618-00,308,uS,F,MM,MM,,,,
0619-00,6/24/2022,ysi conductivity probe,conductivity,point,0619-00,143,uS,F,MM,MM,,,,
0620-00,6/24/2022,ysi conductivity probe,conductivity,point,0620-00,171,uS,F,MM,MM,,,,
0621-00,6/24/2022,ysi conductivity probe,conductivity,point,0621-00,138,uS,F,MM,MM,,,,
0622-00,6/24/2022,ysi conductivity probe,conductivity,point,0622-00,229,uS,F,MM,MM,,,,
0623-00,7/14/2022,ysi conductivity probe,conductivity,point,0623-00,164.8,uS,F,MM,MM,,,,
0624-00,7/14/2022,ysi conductivity probe,conductivity,point,0624-00,156.5,uS,F,MM,MM,,,,
0625-00,7/14/2022,ysi conductivity probe,conductivity,point,0625-00,159.1,uS,F,MM,MM,,,,
0626-00,7/14/2022,ysi conductivity probe,conductivity,point,0626-00,157.8,uS,F,MM,MM,,,,
0627-00,7/15/2022,ysi conductivity probe,conductivity,point,0627-00,164.4,uS,F,MM,MM,,,,
0628-00,7/15/2022,ysi conductivity probe,conductivity,point,0628-00,148.8,uS,F,MM,MM,,,,
0629-00,7/15/2022,ysi conductivity probe,conductivity,point,0629-00,159.5,uS,F,MM,MM,,,,
0630-00,7/15/2022,ysi conductivity probe,conductivity,point,0630-00,161,uS,F,MM,MM,,,,
0631-00,7/15/2022,ysi conductivity probe,conductivity,point,0631-00,162.5,uS,F,MM,MM,,,,
0632-00,7/15/2022,ysi conductivity probe,conductivity,point,0632-00,160.5,uS,F,MM,MM,,,,
1190-00,8/12/2022,ysi conductivity probe,conductivity,point,1190-00,672,uS,F,MM,MM,,,,
1191-00,8/12/2022,ysi conductivity probe,conductivity,point,1191-00,697,uS,F,MM,MM,,,,
1188-00,8/12/2022,ysi conductivity probe,conductivity,point,1188-00,677,uS,F,MM,MM,,,,
1194-00,8/12/2022,ysi conductivity probe,conductivity,point,1194-00,614,uS,F,MM,MM,,,,
1193-00,8/12/2022,ysi conductivity probe,conductivity,point,1193-00,698,uS,F,MM,MM,,,,
1197-00,8/6/2022,ysi conductivity probe,conductivity,point,1197-00,468,uS,F,MM,MM,,,,
1199-00,8/6/2022,ysi conductivity probe,conductivity,point,1199-00,463,uS,F,MM,MM,,,,
1188-00,8/6/2022,ysi conductivity probe,conductivity,point,1188-00,455.5,uS,F,MM,MM,,,,
1183-00,8/6/2022,ysi conductivity probe,conductivity,point,1183-00,455,uS,F,MM,MM,,,,
1192-00,8/7/2022,ysi conductivity probe,conductivity,point,1192-00,1871,uS,F,MM,MM,,,,
1184-00,8/7/2022,ysi conductivity probe,conductivity,point,1184-00,1777,uS,F,MM,MM,,,,
1198-00,8/7/2022,ysi conductivity probe,conductivity,point,1198-00,1786,uS,F,MM,MM,,,,
1185-00,8/7/2022,ysi conductivity probe,conductivity,point,1185-00,1955,uS,F,MM,MM,,,,
1189-00,8/8/2022,ysi conductivity probe,conductivity,point,1189-00,8000,uS,F,MM,MM,,,,
1186-00,8/8/2022,ysi conductivity probe,conductivity,point,1186-00,9900,uS,F,MM,MM,,,,
1196-00,8/8/2022,ysi conductivity probe,conductivity,point,1196-00,10800,uS,F,MM,MM,,,,
1187-00,8/8/2022,ysi conductivity probe,conductivity,point,1187-00,12010,uS,F,MM,MM,,,,
1204-00,8/8/2022,ysi conductivity probe,conductivity,point,1204-00,11910,uS,F,MM,MM,,,,
1182-00,8/8/2022,ysi conductivity probe,conductivity,point,1182-00,11780,uS,F,MM,MM,,,,
1205-00,10/14/2022,ysi conductivity probe,conductivity,point,1205-00,271.8,uS,F,MM,MM,,,,
1209-00,10/14/2022,ysi conductivity probe,conductivity,point,1209-00,277.5,uS,F,MM,MM,,,,
1207-00,10/14/2022,ysi conductivity probe,conductivity,point,1207-00,285.4,uS,F,MM,MM,,,,
1210-00,10/14/2022,ysi conductivity probe,conductivity,point,1210-00,286.4,uS,F,MM,MM,,,,
0623-00,7/14/2022,pH probe,pH,point,0623-00,8.7,pH,F,MM,MM,,,,
0624-00,7/14/2022,pH probe,pH,point,0624-00,8.8,pH,F,MM,MM,,,,
0625-00,7/14/2022,pH probe,pH,point,0625-00,8.8,pH,F,MM,MM,,,,
0626-00,7/14/2022,pH probe,pH,point,0626-00,8.7,pH,F,MM,MM,,,,
0627-00,7/15/2022,pH probe,pH,point,0627-00,8.4,pH,F,MM,MM,,,,
0628-00,7/15/2022,pH probe,pH,point,0628-00,8.8,pH,F,MM,MM,,,,
0629-00,7/15/2022,pH probe,pH,point,0629-00,8.9,pH,F,MM,MM,,,,
0630-00,7/15/2022,pH probe,pH,point,0630-00,8.7,pH,F,MM,MM,,,,
0631-00,7/15/2022,pH probe,pH,point,0631-00,8.7,pH,F,MM,MM,,,,
0632-00,7/15/2022,pH probe,pH,point,0632-00,8.8,pH,F,MM,MM,,,,
1190-00,8/12/2022,pH probe,pH,point,1190-00,9,pH,F,MM,MM,,,,
1191-00,8/12/2022,pH probe,pH,point,1191-00,8.7,pH,F,MM,MM,,,,
1188-00,8/12/2022,pH probe,pH,point,1188-00,8.9,pH,F,MM,MM,,,,
1194-00,8/12/2022,pH probe,pH,point,1194-00,8.8,pH,F,MM,MM,,,,
1193-00,8/12/2022,pH probe,pH,point,1193-00,8.7,pH,F,MM,MM,,,,
1197-00,8/6/2022,pH probe,pH,point,1197-00,8.5,pH,F,MM,MM,,,,
1199-00,8/6/2022,pH probe,pH,point,1199-00,8.5,pH,F,MM,MM,,,,
1188-00,8/6/2022,pH probe,pH,point,1188-00,8.3,pH,F,MM,MM,,,,
1183-00,8/6/2022,pH probe,pH,point,1183-00,8.7,pH,F,MM,MM,,,,
1192-00,8/7/2022,pH probe,pH,point,1192-00,8.3,pH,F,MM,MM,,,,
1184-00,8/7/2022,pH probe,pH,point,1184-00,8.6,pH,F,MM,MM,,,,
1198-00,8/7/2022,pH probe,pH,point,1198-00,8.6,pH,F,MM,MM,,,,
1185-00,8/7/2022,pH probe,pH,point,1185-00,8.5,pH,F,MM,MM,,,,
1189-00,8/8/2022,pH probe,pH,point,1189-00,8,pH,F,MM,MM,,,,
1186-00,8/8/2022,pH probe,pH,point,1186-00,8.2,pH,F,MM,MM,,,,
1196-00,8/8/2022,pH probe,pH,point,1196-00,8.3,pH,F,MM,MM,,,,
1187-00,8/8/2022,pH probe,pH,point,1187-00,8.3,pH,F,MM,MM,,,,
1204-00,8/8/2022,pH probe,pH,point,1204-00,8.2,pH,F,MM,MM,,,,
1182-00,8/8/2022,pH probe,pH,point,1182-00,8.1,pH,F,MM,MM,,,,
1205-00,10/14/2022,pH probe,pH,point,1205-00,8.6,pH,F,MM,MM,,,,
1209-00,10/14/2022,pH probe,pH,point,1209-00,8.8,pH,F,MM,MM,,,,
1207-00,10/14/2022,pH probe,pH,point,1207-00,8.7,pH,F,MM,MM,,,,
1210-00,10/14/2022,pH probe,pH,point,1210-00,8.6,pH,F,MM,MM,,,,
0623-00,7/14/2022,secchi disk,secchi,point,0623-00,0.7,m,F,MM,MM,,,,
0624-00,7/14/2022,secchi disk,secchi,point,0624-00,1.1,m,F,MM,MM,,,,
0625-00,7/14/2022,secchi disk,secchi,point,0625-00,1.3,m,F,MM,MM,,,,
0626-00,7/14/2022,secchi disk,secchi,point,0626-00,1.2,m,F,MM,MM,,,,
0627-00,7/15/2022,secchi disk,secchi,point,0627-00,0.6,m,F,MM,MM,,,,
0628-00,7/15/2022,secchi disk,secchi,point,0628-00,1.4,m,F,MM,MM,,,,
0629-00,7/15/2022,secchi disk,secchi,point,0629-00,1.2,m,F,MM,MM,,,,
0630-00,7/15/2022,secchi disk,secchi,point,0630-00,1.25,m,F,MM,MM,,,,
0631-00,7/15/2022,secchi disk,secchi,point,0631-00,1.2,m,F,MM,MM,,,,
0632-00,7/15/2022,secchi disk,secchi,point,0632-00,1.1,m,F,MM,MM,,,,
1190-00,8/12/2022,secchi disk,secchi,point,1190-00,0.47,m,F,MM,MM,,,,
1191-00,8/12/2022,secchi disk,secchi,point,1191-00,0.135,m,F,MM,MM,,,,
1188-00,8/12/2022,secchi disk,secchi,point,1188-00,0.65,m,F,MM,MM,,,,
1194-00,8/12/2022,secchi disk,secchi,point,1194-00,0.3,m,F,MM,MM,,,,
1193-00,8/12/2022,secchi disk,secchi,point,1193-00,0.235,m,F,MM,MM,,,,
1197-00,8/6/2022,secchi disk,secchi,point,1197-00,1.1315,m,F,MM,MM,,,,
1199-00,8/6/2022,secchi disk,secchi,point,1199-00,1.065,m,F,MM,MM,,,,
1188-00,8/6/2022,secchi disk,secchi,point,1188-00,1.575,m,F,MM,MM,,,,
1183-00,8/6/2022,secchi disk,secchi,point,1183-00,1.49,m,F,MM,MM,,,,
1192-00,8/7/2022,secchi disk,secchi,point,1192-00,0.95,m,F,MM,MM,,,,
1184-00,8/7/2022,secchi disk,secchi,point,1184-00,1.15,m,F,MM,MM,,,,
1198-00,8/7/2022,secchi disk,secchi,point,1198-00,1.5,m,F,MM,MM,,,,
1185-00,8/7/2022,secchi disk,secchi,point,1185-00,1.18,m,F,MM,MM,,,,
1189-00,8/8/2022,secchi disk,secchi,point,1189-00,1,m,F,MM,MM,,,,
1186-00,8/8/2022,secchi disk,secchi,point,1186-00,0.375,m,F,MM,MM,,,,
1196-00,8/8/2022,secchi disk,secchi,point,1196-00,0.4,m,F,MM,MM,,,,
1187-00,8/8/2022,secchi disk,secchi,point,1187-00,0.88,m,F,MM,MM,,,,
1204-00,8/8/2022,secchi disk,secchi,point,1204-00,0.93,m,F,MM,MM,,,,
1182-00,8/8/2022,secchi disk,secchi,point,1182-00,1.13,m,F,MM,MM,,,,
1205-00,10/14/2022,secchi disk,secchi,point,1205-00,0.375,m,F,MM,MM,,,,
1209-00,10/14/2022,secchi disk,secchi,point,1209-00,0.24,m,F,MM,MM,,,,
1207-00,10/14/2022,secchi disk,secchi,point,1207-00,0.575,m,F,MM,MM,,,,
1210-00,10/14/2022,secchi disk,secchi,point,1210-00,0.575,m,F,MM,MM,,,,
0228-13,12/2/2021,lachat,tn,sample,20210804_POW_TN_0228-13,0.998,mgL-1,FALSE,JB,LM,,,,
0227-13,12/2/2021,lachat,tn,sample,0227-13,0.902,mgL-1,FALSE,JB,LM,,,,
0232-13,12/2/2021,lachat,tn,sample,0232-13,0.982,mgL-1,FALSE,JB,LM,,,,
0232-13,12/2/2021,lachat,tn,sample,0232-13,0.983,mgL-1,TRUE,JB,LM,,,,
0224-13,12/2/2021,lachat,tn,sample,0224-13,0.516,mgL-1,FALSE,JB,LM,,,,
0225-13,12/2/2021,lachat,tn,sample,0225-13,0.743,mgL-1,FALSE,JB,LM,,,,
0226-13,12/2/2021,lachat,tn,sample,0226-13,0.855,mgL-1,FALSE,JB,LM,,,,
0230-13,12/2/2021,lachat,tn,sample,20210812_0230-13,1.06,mgL-1,FALSE,JB,LM,,,,
0231-13,12/2/2021,lachat,tn,sample,0231-13,0.875,mgL-1,FALSE,JB,LM,,,,
0231-13,12/2/2021,lachat,tn,sample,0231-13,0.873,mgL-1,TRUE,JB,LM,,,,
0229-13,12/2/2021,lachat,tn,sample,0229-13,0.9,mgL-1,FALSE,JB,LM,,,,
0236-13,12/2/2021,lachat,tn,sample,0236-13,0.973,mgL-1,FALSE,JB,LM,,,,
0238-13,12/2/2021,lachat,tn,sample,0238-13,0.828,mgL-1,FALSE,JB,LM,,,,
0237-13,12/2/2021,lachat,tn,sample,0237-13,0.918,mgL-1,FALSE,JB,LM,,,,
0479-01,12/2/2021,lachat,tn,sample,20210820_0479-01,4,mgL-1,FALSE,JB,LM,,,,
0195-12,12/2/2021,lachat,tdn,sample,20210804_POW_TDN_0195-12,0.533,mgL-1,FALSE,JB,LM,,,,
0196-12,12/2/2021,lachat,tdn,sample,0196-12,0.479,mgL-1,FALSE,JB,LM,,,,
0196-12,12/2/2021,lachat,tdn,sample,0196-12,0.477,mgL-1,TRUE,JB,LM,,,,
0192-12,12/2/2021,lachat,tdn,sample,0192-12,0.569,mgL-1,FALSE,JB,LM,,,,
0193-12,12/2/2021,lachat,tdn,sample,0193-12,0.658,mgL-1,FALSE,JB,LM,,,,
0194-12,12/2/2021,lachat,tdn,sample,0194-12,0.72,mgL-1,FALSE,JB,LM,,,,
0198-12,12/2/2021,lachat,tdn,sample,20210812_0198-12,0.48,mgL-1,FALSE,JB,LM,,,,
0197-152,12/2/2021,lachat,tdn,sample,0197-152,0.537,mgL-1,FALSE,JB,LM,,,,
0199-12,12/2/2021,lachat,tdn,sample,0199-12,0.505,mgL-1,FALSE,JB,LM,,,,
0199-12,12/2/2021,lachat,tdn,sample,0199-12,0.506,mgL-1,TRUE,JB,LM,,,,
0204-12,12/2/2021,lachat,tdn,sample,0204-12,0.725,mgL-1,FALSE,JB,LM,,,,
0203-12,12/2/2021,lachat,tdn,sample,0203-12,0.679,mgL-1,FALSE,JB,LM,,,,
0205-12,12/2/2021,lachat,tdn,sample,0205-12,0.68,mgL-1,FALSE,JB,LM,,,,
0447-01,12/2/2021,lachat,tdn,sample,20210820_0447-01,1.94,mgL-1,FALSE,JB,LM,,,,
0479-01,12/2/2021,lachat,tdn,sample,0479-01 2X,2.2,mgL-1,FALSE,JB,LM,,,,
0247-13,7/4/2022,lachat,tn,sample,20220623_LWF_024713,1.12,mgL-1,FALSE,JB,LM,,,,
0249-13,7/4/2022,lachat,tn,sample,24913,1.1,mgL-1,FALSE,JB,LM,,,,
0246-13,7/4/2022,lachat,tn,sample,24613,0.698,mgL-1,FALSE,JB,LM,,,,
0250-13,7/4/2022,lachat,tn,sample,25013,0.897,mgL-1,FALSE,JB,LM,,,,
0250-13,7/4/2022,lachat,tn,sample,25013,0.899,mgL-1,TRUE,JB,LM,,,,
0245-13,7/4/2022,lachat,tn,sample,24513,0.56,mgL-1,FALSE,JB,LM,,,,
0253-13,7/4/2022,lachat,tn,sample,25313,0.764,mgL-1,FALSE,JB,LM,,,,
0244-13,7/4/2022,lachat,tn,sample,24413,0.686,mgL-1,FALSE,JB,LM,,,,
0252-13,7/4/2022,lachat,tn,sample,25213,0.709,mgL-1,FALSE,JB,LM,,,,
0243-13,7/4/2022,lachat,tn,sample,24313,0.662,mgL-1,FALSE,JB,LM,,,,
048102 (COC 048113),7/4/2022,lachat,tn,sample,048102 (COC 048113),0.649,mgL-1,FALSE,JB,LM,,,,
0242-13,7/4/2022,lachat,tn,sample,24213,0.834,mgL-1,FALSE,JB,LM,,,,
0248-13,7/4/2022,lachat,tn,sample,24813,0.86,mgL-1,FALSE,JB,LM,,,,
0484-02,7/4/2022,lachat,tn,sample,20220615_LWF_048402,0.704,mgL-1,FALSE,JB,LM,,,,
0487-02,7/4/2022,lachat,tn,sample,48702,0.724,mgL-1,FALSE,JB,LM,,,,
0485-02,7/4/2022,lachat,tn,sample,48502,0.732,mgL-1,FALSE,JB,LM,,,,
0482-02,7/4/2022,lachat,tn,sample,48202,0.612,mgL-1,FALSE,JB,LM,,,,
0482-02,7/4/2022,lachat,tn,sample,48202,0.614,mgL-1,TRUE,JB,LM,,,,
0483-02,7/4/2022,lachat,tn,sample,48302,0.691,mgL-1,FALSE,JB,LM,,,,
0486-02,7/4/2022,lachat,tn,sample,48602,0.67,mgL-1,FALSE,JB,LM,,,,
0453-01,7/4/2022,lachat,tdn,sample,20220615_TDN_045301,0.46,mgL-1,FALSE,JB,LM,,,,
0450-01,7/4/2022,lachat,tdn,sample,45001,0.438,mgL-1,FALSE,JB,LM,,,,
0452-01,7/4/2022,lachat,tdn,sample,45201,0.434,mgL-1,FALSE,JB,LM,,,,
0455-01,7/4/2022,lachat,tdn,sample,45501,0.5,mgL-1,FALSE,JB,LM,,,,
0454-01,7/4/2022,lachat,tdn,sample,45401,0.423,mgL-1,FALSE,JB,LM,,,,
0451-01,7/4/2022,lachat,tdn,sample,45101,0.444,mgL-1,FALSE,JB,LM,,,,
